Workbook
Name Slicer_Department: #N/A
Name Slicer_Department1: #N/A
Name Slicer_Job_Level: #N/A
Name Slicer_Overtime: #N/A

Sheet Sheet1
A3: Row Labels
A4: Human Resources
A5: Operations
A6: Technology
A7: Data & Analytics
A8: Finance
A9: Human Resources
A10: IT Support
A11: Operations
A12: Sales
A13: Technology
A14: Grand Total

Sheet HR_Dashboard
A1: TECHNOVA SOLUTIONS
A2: HR_ATTRITION & WORKFORCE ANALYSIS
A3: Workforce Overview | Attrition Patterns | 2025
A5: TOTAL EMPLOYEES | E5: ACTIVE EMPLOYEES | I5: EMPLOYEES WHO LEFT | M5: ATTRITION RATE | Q5: AVG AGE
A7: =GETPIVOTDATA("Count of Employee_ID",HR_Analysis!$D$4) -> 1500 | E7: =GETPIVOTDATA("Count of Employee_ID",HR_Analysis!$D$4,"Attrition","No") -> 1262 | I7: =GETPIVOTDATA("Count of Employee_ID",HR_Analysis!$D$4,"Attrition","Yes") -> 238 | M7: =GETPIVOTDATA("Average of Attrition_Flag",HR_Analysis!$D$4) -> 0.15866667 | Q7: =GETPIVOTDATA("Average of Age",HR_Analysis!$D$4) -> 33.3
A49: KEY FINDINGS
A52: • Attrition rate is 15.87% across 1,500 employees. | L52: • Sales department shows 20.62% attrition.
A53: • Employees with less than 1 year tenure show 27.81% attrition. | L53: • 80K–99K salary band shows 18.32% attrition.
A54: • Sales Executives show 26.67% attrition, above the overall rate. | L54: • Overtime employees show 16.63% vs 15.58% without overtime.
A55: • Employees aged 18–25 show 23.04% attrition. | L55: • Finance shows 13.24% attrition.
A56: • Job Satisfaction Level 2 shows 21.80% attrition. | L56: • Data & Analytics shows 13.76% attrition.
A59: Source: TechNova Solutions HR Workforce Dataset | Analysis Period: Jan–Dec 2025
A61: Note: Findings represent observed patterns in the dataset and should be considered areas for further investigation, not causal conclusions.

Sheet README
A1: TECHNOVA SOLUTIONS — HR ATTRITION ANALYSIS
A4: PROJECT OVERVIEW
A5: This project analyzes workforce and employee attrition data for TechNova Solutions using Microsoft Excel, Power Query, PivotTables, PivotCharts and interactive slicers. The objective is to identify observed attrition patterns across employee segments and provide evidence-based areas for further investigation.
A9: BUSINESS PROBLEM
A10: TechNova Solutions wants to use workforce data to understand employee attrition patterns and identify employee segments that may require further investigation by HR management.
A14: TOOLS & TECHNIQUES
A15: Microsoft Excel 2021
A16: Power Query
A17: PivotTables & PivotCharts
A18: Interactive Slicers
A19: Excel formulas and KPI calculations
A21: WORKBOOK STRUCTURE
A22: Sheet | B22: Purpose
A23: HR_Dashboard | B23: Interactive executive dashboard
A24: README | B24: Project overview and methodology
A25: HR_Findings | B25: Findings, implications and limitations
A26: HR_Analysis | B26: KPI calculations and analytical PivotTables
A27: Data_Quality_Check | B27: Data quality and validation checks
A28: Clean_HR_Data | B28: Power Query cleaned employee data
A29: Raw_HR_Data | B29: Original raw dataset
A30: Data_Dictionary | B30: Field definitions and descriptions
A32: ANALYTICAL METHODOLOGY
A33: Raw Data → Data Quality Assessment → Power Query Cleaning → Validation → KPI Calculation → Segmentation Analysis → PivotTables/PivotCharts → Interactive Dashboard → Findings

Sheet HR_Findings
A1: TECHNOVA SOLUTIONS — HR ATTRITION FINDINGS
A3: Analysis Period: Jan–Dec 2025 | Employees Analyzed: 1,500 | Overall Attrition: 15.87%
A7: Area | B7: Segment | C7: Employees | D7: Employees Left | E7: Attrition Rate | F7: Overall Rate | G7: Difference | H7: Interpretation
A8: Tenure | B8: <1 Year | C8: 187 | D8: 52 | E8: 0.2781 | F8: 0.1587 | G8: +11.94 pp | H8: Highest observed attrition among tenure bands.
A9: Job Role | B9: Sales Executive | C9: 45 | D9: 12 | E9: 0.2667 | F9: 0.1587 | G9: +10.80 pp | H9: Higher observed attrition than the overall dataset.
A10: Age Band | B10: 18–25 | C10: 191 | D10: 44 | E10: 0.2304 | F10: 0.1587 | G10: +7.17 pp | H10: Higher observed attrition than the overall dataset.
A11: Job Satisfaction | B11: Level 2 | C11: 179 | D11: 39 | E11: 0.218 | F11: 0.1587 | G11: +5.93 pp | H11: Higher observed attrition than the overall dataset.
A12: Department | B12: Sales | C12: 194 | D12: 40 | E12: 0.2062 | F12: 0.1587 | G12: +4.75 pp | H12: Highest observed attrition among departments.
A15: BUSINESS IMPLICATIONS & AREAS FOR FURTHER INVESTIGATION
A18: Area | B18: What the data suggests for further investigation
A19: Early Tenure | B19: Employees with less than 1 year tenure show 27.81% attrition. HR could examine onboarding, early-tenure experience and retention patterns for this group.
A20: Sales / Sales Executive | B20: Sales shows 20.62% attrition and Sales Executive shows 26.67%. HR could examine role-specific workload, career progression and retention patterns.
A21: Younger Employees | B21: Employees aged 18–25 show 23.04% attrition. HR could examine retention patterns and employee experience within this age group.
A22: Job Satisfaction | B22: Job Satisfaction Level 2 shows 21.80% attrition. HR could examine whether satisfaction-related patterns differ across departments, roles and tenure groups.
A25: ANALYSIS LIMITATIONS
A28: Limitation | B28: Explanation
A29: Synthetic Dataset | B29: The dataset is simulated for analytical and portfolio purposes and does not represent actual TechNova employee records.
A30: Observational Analysis | B30: The analysis identifies observed relationships and patterns but does not establish causation.
A31: Missing Values | B31: Some fields contain missing values; these were retained where appropriate or represented as Unknown during cleaning.
A32: Small Segments | B32: Some categories contain relatively few employees, so their attrition rates should be interpreted cautiously.

Sheet HR_Analysis
A1: HR Workforce & Attrition Analysis | D1: Column Labels
A2: Total Employees | B2: =COUNTA(tbl_HR_Clean[Employee_ID]) -> 1500 | D2: No | G2: Yes | J2: Total Average of Age | K2: Total Count of Employee_ID | L2: Total Average of Attrition_Flag
A3: Active Employees | B3: =COUNTIF(tbl_HR_Clean[Attrition],"No") -> 1262 | D3: Average of Age | E3: Count of Employee_ID | F3: Average of Attrition_Flag | G3: Average of Age | H3: Count of Employee_ID | I3: Average of Attrition_Flag
A4: Employees Who Left | B4: =COUNTIF(tbl_HR_Clean[Attrition],"Yes") -> 238 | D4: 33.395404 | E4: 1262 | F4: 0 | G4: 32.794118 | H4: 238 | I4: 1 | J4: 33.3 | K4: 1500 | L4: 0.15866667
A5: Attrition Rate | B5: =B4/B2 -> 0.15866667
A6: Average Age | B6: =AVERAGE(tbl_HR_Clean[Age]) -> 33.3
A7: Average Monthy Salary | B7: =AVERAGE(tbl_HR_Clean[Monthly_Salary]) -> 66657.333
D9: Count of Employee_ID | E9: Column Labels | I9: Count of Employee_ID | J9: Column Labels
A10: Attrition | B10: (All) | D10: Env Satisfaction | E10: No | F10: Yes | G10: Grand Total | I10: Row Labels | J10: No | K10: Yes | L10: Grand Total
D11: 1 | E11: 84 | F11: 14 | G11: 98 | I11: <40K | J11: 259 | K11: 55 | L11: 314
A12: Department | B12: Average of Attrition_Flag | D12: 2 | E12: 233 | F12: 48 | G12: 281 | I12: 100K+ | J12: 198 | K12: 38 | L12: 236
A13: Data & Analytics | B13: 0.13761468 | D13: 3 | E13: 607 | F13: 110 | G13: 717 | I13: 40K-59K | J13: 366 | K13: 60 | L13: 426
A14: Finance | B14: 0.13235294 | D14: 4 | E14: 334 | F14: 65 | G14: 399 | I14: 60K-79K | J14: 283 | K14: 50 | L14: 333
A15: Human Resources | B15: 0.16086957 | D15: (blank) | E15: 4 | F15: 1 | G15: 5 | I15: 80K-99K | J15: 156 | K15: 35 | L15: 191
A16: It Support | B16: 0.13888889 | D16: Grand Total | E16: 1262 | F16: 238 | G16: 1500 | I16: Grand Total | J16: 1262 | K16: 238 | L16: 1500
A17: Operations | B17: 0.17889908
A18: Sales | B18: 0.20618557
A19: Technology | B19: 0.15909091
A20: Grand Total | B20: 0.15866667 | I20: Attrition | J20: (All)
D21: Count of Employee_ID | E21: Column Labels
A22: Attrition | B22: (All) | D22: Job Satisfaction | E22: No | F22: Yes | G22: Grand Total | I22: Row Labels | J22: Average of Attrition_Flag
D23: 1 | E23: 102 | F23: 19 | G23: 121 | I23: <1 Year | J23: 0.27807487
A24: Row Labels | B24: Average of Attrition_Flag | D24: 2 | E24: 208 | F24: 58 | G24: 266 | I24: 1-3 Years | J24: 0.18808777
A25: 18-25 | B25: 0.23036649 | D25: 3 | E25: 609 | F25: 97 | G25: 706 | I25: 4-6 Years | J25: 0.13084112
A26: 26-35 | B26: 0.14756258 | D26: 4 | E26: 338 | F26: 63 | G26: 401 | I26: 7-10 Years | J26: 0.12106538
A27: 36-45 | B27: 0.14545455 | D27: (blank) | E27: 5 | F27: 1 | G27: 6 | I27: 11+ Years | J27: 0.13071895
A28: 46-55 | B28: 0.16666667 | D28: Grand Total | E28: 1262 | F28: 238 | G28: 1500 | I28: Grand Total | J28: 0.15866667
A29: Grand Total | B29: 0.1581054
A31: Attrition | B31: (All)
D32: Count of Employee_ID | E32: Column Labels
A33: Job Role | B33: Average of Attrition_Flag | D33: Overtime | E33: No | F33: Yes | G33: Grand Total
A34: Sales Executive | B34: 0.26666667 | D34: No | E34: 916 | F34: 169 | G34: 1085
A35: HR Analyst | B35: 0.26086957 | D35: Yes | E35: 346 | F35: 69 | G35: 415
A36: Process Associate | B36: 0.25 | D36: Grand Total | E36: 1262 | F36: 238 | G36: 1500
A37: Account Manager | B37: 0.22641509
A38: IT Support Specialist | B38: 0.22413793
A39: Grand Total | B39: 0.24418605

Sheet Data_Quality_Check
A1: raw rows | B1: =COUNTA(Raw_HR_Data!A:A)-1 -> 1506
A2: unique employees | B2: =SUMPRODUCT((Raw_HR_Data!A2:A1507<>"")/COUNTIF(Raw_HR_Data!A2:A1507,Raw_HR_Data!A2:A1507&"")) -> 1500
A3: duplicate employee IDs | B3: 6
A4: missing marital status | B4: =COUNTBLANK(Raw_HR_Data!G2:G1507) -> 12
A5: missing location | B5: =COUNTBLANK(Raw_HR_Data!L2:L1507) -> 8
A6: missing salary hike | B6: =COUNTBLANK(Raw_HR_Data!N2:N1507) -> 4
A7: missing job satisfaction | B7: =COUNTBLANK(Raw_HR_Data!R2:R1507) -> 6
A8: missing envornment satifaction | B8: =COUNTBLANK(Raw_HR_Data!S2:S1507) -> 5
A9: blank exit dates | B9: =COUNTBLANK(Raw_HR_Data!C2:C1507) -> 1268
A10: invalid exit dates | B10: =SUMPRODUCT(--(Raw_HR_Data!C2:C1507<Raw_HR_Data!B2:B1507),--(Raw_HR_Data!C2:C1507<>"")) -> 3
A11: department inconsistencies | B11: 1
A12: salary stored as text | B12: =SUMPRODUCT(--ISTEXT(Raw_HR_Data!M2:M1507)) -> 8

Sheet Clean_HR_Data
A1: Employee_ID | B1: Joining_Date | C1: Attrition | D1: Age | E1: Gender | F1: Marital_Status | G1: Education | H1: Department | I1: Job_Role | J1: Job_Level | K1: Location | L1: Monthly_Salary | M1: Salary_Hike_Pct | N1: Total_Work_Experience | O1: Years_at_Company | P1: Years_Since_Last_Promotion | Q1: Job_Satisfaction | R1: Environment_Satisfaction | S1: Work_Life_Balance | T1: Overtime | U1: Performance_Rating | V1: Exit_Date | W1: Age_Band | X1: Salary_Band | Y1: Tenure_Band | Z1: Attrition_Flag
A2: EMP0001 | B2: 44738 | C2: No | D2: 36 | E2: Non-Binary | F2: Divorced | G2: Bachelor's | H2: Operations | I2: Operations Executive | J2: 1 | K2: Chennai | L2: 30000 | M2: 11.6 | N2: 10.7 | O2: 3.5 | P2: 0.3 | Q2: 4 | R2: 3 | S2: 1 | T2: Yes | U2: 3 | W2: 36-45 | X2: <40K | Y2: 4-6 Years | Z2: 0
A3: EMP0002 | B3: 43610 | C3: No | D3: 31 | E3: Male | F3: Married | G3: Bachelor's | H3: Data & Analytics | I3: Data Engineer | J3: 2 | K3: Hyderabad | L3: 59000 | M3: 15.3 | N3: 12.2 | O3: 6.6 | P3: 2 | Q3: 1 | R3: 2 | S3: 4 | T3: No | U3: 3 | W3: 26-35 | X3: 40K-59K | Y3: 7-10 Years | Z3: 0
A4: EMP0003 | B4: 43053 | C4: No | D4: 30 | E4: Non-Binary | F4: Single | G4: Bachelor's | H4: It Support | I4: IT Analyst | J4: 3 | K4: Bengaluru | L4: 80000 | M4: 7.1 | N4: 11.2 | O4: 8.1 | P4: 3.3 | Q4: 3 | R4: 4 | S4: 3 | T4: No | U4: 4 | W4: 26-35 | X4: 80K-99K | Y4: 7-10 Years | Z4: 0
A5: EMP0004 | B5: 41703 | C5: No | D5: 35 | E5: Non-Binary | F5: Divorced | G5: Bachelor's | H5: Operations | I5: Operations Analyst | J5: 3 | K5: Chennai | L5: 55000 | M5: 2.1 | N5: 15.5 | O5: 11.8 | P5: 5 | Q5: 4 | R5: 2 | S5: 3 | T5: No | U5: 4 | W5: 26-35 | X5: 40K-59K | Y5: 11+ Years | Z5: 0
A6: EMP0005 | B6: 44801 | C6: No | D6: 26 | E6: Male | F6: Single | G6: Bachelor's | H6: Operations | I6: Operations Analyst | J6: 1 | K6: Hyderabad | L6: 34000 | M6: 5.4 | N6: 10.7 | O6: 3.3 | P6: 2.3 | Q6: 3 | R6: 2 | S6: 3 | T6: Yes | U6: 4 | W6: 26-35 | X6: <40K | Y6: 4-6 Years | Z6: 0
A7: EMP0006 | B7: 42011 | C7: No | D7: 43 | E7: Non-Binary | F7: Divorced | G7: Diploma | H7: Finance | I7: Finance Executive | J7: 1 | K7: Noida | L7: 33000 | M7: 9.3 | N7: 15 | O7: 11 | P7: 5.3 | Q7: 3 | R7: 3 | S7: 2 | T7: No | U7: 2 | W7: 36-45 | X7: <40K | Y7: 11+ Years | Z7: 0
A8: EMP0007 | B8: 44644 | C8: No | D8: 29 | E8: Female | F8: Divorced | G8: Bachelor's | H8: Human Resources | I8: HR Manager | J8: 4 | K8: Mumbai | L8: 107000 | M8: 4.4 | N8: 4.5 | O8: 3.8 | P8: 0.2 | Q8: 4 | R8: 2 | S8: 3 | T8: Yes | U8: 4 | W8: 26-35 | X8: 100K+ | Y8: 4-6 Years | Z8: 0
A9: EMP0008 | B9: 42827 | C9: No | D9: 29 | E9: Female | F9: Single | G9: PhD | H9: Finance | I9: Finance Manager | J9: 3 | K9: Bengaluru | L9: 77000 | M9: 6.6 | N9: 14.2 | O9: 8.7 | P9: 3.2 | Q9: 1 | R9: 3 | S9: 3 | T9: No | U9: 2 | W9: 26-35 | X9: 60K-79K | Y9: 7-10 Years | Z9: 0
A10: EMP0009 | B10: 42657 | C10: No | D10: 33 | E10: Non-Binary | F10: Single | G10: Diploma | H10: Operations | I10: Operations Manager | J10: 5 | K10: Mumbai | L10: 134000 | M10: 12.3 | N10: 15.9 | O10: 9.2 | P10: 3 | Q10: 2 | R10: 2 | S10: 3 | T10: No | U10: 2 | W10: 26-35 | X10: 100K+ | Y10: 7-10 Years | Z10: 0
A11: EMP0010 | B11: 42158 | C11: Yes | D11: 34 | E11: Male | F11: Single | G11: PhD | H11: Technology | I11: Software Developer | J11: 4 | K11: Chennai | L11: 107000 | M11: 3.7 | N11: 18 | O11: 10.4 | P11: 0.5 | Q11: 3 | R11: 3 | S11: 2 | T11: No | U11: 4 | V11: 45948 | W11: 26-35 | X11: 100K+ | Y11: 11+ Years | Z11: 1
A12: EMP0011 | B12: 43321 | C12: No | D12: 38 | E12: Non-Binary | F12: Married | G12: Bachelor's | H12: Data & Analytics | I12: Senior Data Analyst | J12: 3 | K12: Pune | L12: 91000 | M12: 8.5 | N12: 12.9 | O12: 7.4 | P12: 4.3 | Q12: 4 | R12: 3 | S12: 3 | T12: No | U12: 3 | W12: 36-45 | X12: 80K-99K | Y12: 7-10 Years | Z12: 0
A13: EMP0012 | B13: 45580 | C13: Yes | D13: 23 | E13: Non-Binary | F13: Single | G13: Diploma | H13: Data & Analytics | I13: Data Analyst | J13: 1 | K13: Noida | L13: 33000 | M13: 7.2 | N13: 6 | O13: 0.3 | P13: 0 | Q13: 2 | R13: 1 | S13: 1 | T13: No | U13: 3 | V13: 45694 | W13: 18-25 | X13: <40K | Y13: <1 Year | Z13: 1
A14: EMP0013 | B14: 42822 | C14: No | D14: 35 | E14: Female | F14: Married | G14: Bachelor's | H14: Finance | I14: Accountant | J14: 3 | K14: Noida | L14: 64000 | M14: 10.3 | N14: 12.5 | O14: 8.8 | P14: 2.4 | Q14: 3 | R14: 2 | S14: 3 | T14: No | U14: 3 | W14: 26-35 | X14: 60K-79K | Y14: 7-10 Years | Z14: 0
A15: EMP0014 | B15: 43865 | C15: No | D15: 28 | E15: Male | F15: Married | G15: Bachelor's | H15: Operations | I15: Operations Executive | J15: 1 | K15: Bengaluru | L15: 37000 | M15: 13.1 | N15: 10.2 | O15: 5.9 | P15: 0.8 | Q15: 2 | R15: 2 | S15: 3 | T15: No | U15: 5 | W15: 26-35 | X15: <40K | Y15: 4-6 Years | Z15: 0
A16: EMP0015 | B16: 43542 | C16: No | D16: 27 | E16: Female | F16: Married | G16: PhD | H16: Operations | I16: Operations Executive | J16: 1 | K16: Hyderabad | L16: 29000 | M16: 10.3 | N16: 10.7 | O16: 6.8 | P16: 1.3 | Q16: 4 | R16: 3 | S16: 1 | T16: No | U16: 3 | W16: 26-35 | X16: <40K | Y16: 7-10 Years | Z16: 0
A17: EMP0016 | B17: 44862 | C17: No | D17: 30 | E17: Male | F17: Single | G17: Bachelor's | H17: Finance | I17: Finance Manager | J17: 2 | K17: Pune | L17: 53000 | M17: 4.6 | N17: 9.2 | O17: 3.2 | P17: 0.2 | Q17: 3 | R17: 3 | S17: 3 | T17: No | U17: 4 | W17: 26-35 | X17: 40K-59K | Y17: 4-6 Years | Z17: 0
A18: EMP0017 | B18: 44908 | C18: No | D18: 39 | E18: Female | F18: Single | G18: Diploma | H18: Technology | I18: Software Developer | J18: 3 | K18: Pune | L18: 99000 | M18: 8.7 | N18: 7.8 | O18: 3 | P18: 1.9 | Q18: 4 | R18: 3 | S18: 3 | T18: Yes | U18: 4 | W18: 36-45 | X18: 80K-99K | Y18: 1-3 Years | Z18: 0
A19: EMP0018 | B19: 43154 | C19: No | D19: 36 | E19: Non-Binary | F19: Married | G19: Master's | H19: Sales | I19: Business Development Executive | J19: 2 | K19: Hyderabad | L19: 47000 | M19: 10.4 | N19: 7.9 | O19: 7.9 | P19: 3.7 | Q19: 4 | R19: 3 | S19: 2 | T19: No | U19: 4 | W19: 36-45 | X19: 40K-59K | Y19: 7-10 Years | Z19: 0
A20: EMP0019 | B20: 45239 | C20: No | D20: 33 | E20: Non-Binary | F20: Single | G20: Master's | H20: Technology | I20: Senior Software Developer | J20: 2 | K20: Hyderabad | L20: 73000 | M20: 0 | N20: 10 | O20: 2.1 | P20: 1.4 | Q20: 3 | R20: 1 | S20: 4 | T20: No | U20: 3 | W20: 26-35 | X20: 60K-79K | Y20: 1-3 Years | Z20: 0
A21: EMP0020 | B21: 45249 | C21: No | D21: 34 | E21: Male | F21: Single | G21: PhD | H21: Technology | I21: Software Developer | J21: 3 | K21: Hyderabad | L21: 84000 | M21: 9.4 | N21: 7.6 | O21: 2.1 | P21: 1.8 | Q21: 2 | R21: 3 | S21: 2 | T21: No | U21: 5 | W21: 26-35 | X21: 80K-99K | Y21: 1-3 Years | Z21: 0
A22: EMP0021 | B22: 45402 | C22: No | D22: 31 | E22: Male | F22: Divorced | G22: Bachelor's | H22: Technology | I22: Software Developer | J22: 2 | K22: Hyderabad | L22: 63000 | M22: 14.9 | N22: 7.3 | O22: 1.7 | P22: 1 | Q22: 2 | R22: 2 | S22: 4 | T22: No | U22: 4 | W22: 26-35 | X22: 60K-79K | Y22: 1-3 Years | Z22: 0
A23: EMP0022 | B23: 44861 | C23: No | D23: 27 | E23: Female | F23: Divorced | G23: PhD | H23: Human Resources | I23: Recruiter | J23: 1 | K23: Chennai | L23: 28000 | M23: 12.7 | N23: 11 | O23: 3.2 | P23: 0.1 | Q23: 3 | R23: 3 | S23: 3 | T23: Yes | U23: 4 | W23: 26-35 | X23: <40K | Y23: 4-6 Years | Z23: 0
A24: EMP0023 | B24: 45161 | C24: No | D24: 29 | E24: Non-Binary | F24: Divorced | G24: Master's | H24: Operations | I24: Operations Analyst | J24: 4 | K24: Hyderabad | L24: 108000 | M24: 9.4 | N24: 5.7 | O24: 2.4 | P24: 0.4 | Q24: 4 | R24: 4 | S24: 4 | T24: Yes | U24: 3 | W24: 26-35 | X24: 100K+ | Y24: 1-3 Years | Z24: 0
A25: EMP0024 | B25: 45804 | C25: No | D25: 28 | E25: Female | F25: Married | G25: Diploma | H25: Data & Analytics | I25: Data Analyst | J25: 2 | K25: Bengaluru | L25: 59000 | M25: 7.4 | N25: 3.4 | O25: 0.6 | P25: 0 | Q25: 2 | R25: 4 | S25: 2 | T25: No | U25: 4 | W25: 26-35 | X25: 40K-59K | Y25: <1 Year | Z25: 0
... A33: EMP0032 | B33: 43572 | C33: No | D33: 37 | E33: Non-Binary | F33: Single | G33: Diploma | H33: Human Resources | I33: HR Manager | J33: 4 | K33: Mumbai | L33: 126000 | M33: 5 | N33: 8.8 | O33: 6.7 | P33: 1.5 | Q33: 4 | R33: 3 | S33: 4 | T33: No | U33: 4 | W33: 36-45 | X33: 100K+ | Y33: 7-10 Years | Z33: 0
A34: EMP0033 | B34: 44478 | C34: Yes | D34: 34 | E34: Female | F34: Single | G34: Master's | H34: Technology | I34: QA Engineer | J34: 2 | K34: Mumbai | L34: 55000 | M34: 2.8 | N34: 9.3 | O34: 3.8 | P34: 2.7 | Q34: 2 | R34: 1 | S34: 3 | T34: No | U34: 4 | V34: 45854 | W34: 26-35 | X34: 40K-59K | Y34: 4-6 Years | Z34: 1
A35: EMP0034 | B35: 44129 | C35: Yes | D35: 26 | E35: Non-Binary | F35: Divorced | G35: Master's | H35: Finance | I35: Financial Analyst | J35: 1 | K35: Mumbai | L35: 39000 | M35: 5.3 | N35: 7.1 | O35: 4.7 | P35: 1.8 | Q35: 3 | R35: 4 | S35: 4 | T35: No | U35: 4 | V35: 45838 | W35: 26-35 | X35: <40K | Y35: 4-6 Years | Z35: 1
A36: EMP0035 | B36: 45831 | C36: No | D36: 28 | E36: Female | F36: Divorced | G36: Bachelor's | H36: Data & Analytics | I36: Senior Data Analyst | J36: 2 | K36: Bengaluru | L36: 59000 | M36: 12.3 | N36: 1.8 | O36: 0.5 | P36: 0 | Q36: 3 | R36: 2 | S36: 3 | T36: No | U36: 1 | W36: 26-35 | X36: 40K-59K | Y36: <1 Year | Z36: 0
A37: EMP0036 | B37: 43940 | C37: No | D37: 35 | E37: Female | F37: Single | G37: PhD | H37: Operations | I37: Process Associate | J37: 2 | K37: Bengaluru | L37: 61000 | M37: 2.6 | N37: 8.3 | O37: 5.7 | P37: 4.3 | Q37: 3 | R37: 3 | S37: 3 | T37: Yes | U37: 4 | W37: 26-35 | X37: 60K-79K | Y37: 4-6 Years | Z37: 0
A38: EMP0037 | B38: 44417 | C38: No | D38: 35 | E38: Male | F38: Married | G38: Bachelor's | H38: Operations | I38: Operations Executive | J38: 5 | K38: Chennai | L38: 151000 | M38: 4.1 | N38: 10.4 | O38: 4.4 | P38: 4.2 | Q38: 4 | R38: 2 | S38: 1 | T38: No | U38: 2 | W38: 26-35 | X38: 100K+ | Y38: 4-6 Years | Z38: 0
A39: EMP0038 | B39: 42636 | C39: No | D39: 37 | E39: Female | F39: Divorced | G39: PhD | H39: Data & Analytics | I39: Data Engineer | J39: 3 | K39: Mumbai | L39: 92000 | M39: 10 | N39: 10.2 | O39: 9.3 | P39: 4.9 | Q39: 3 | R39: 4 | S39: 2 | T39: Yes | U39: 1 | W39: 36-45 | X39: 80K-99K | Y39: 7-10 Years | Z39: 0
A40: EMP0039 | B40: 43971 | C40: No | D40: 28 | E40: Female | F40: Divorced | G40: PhD | H40: Operations | I40: Operations Analyst | J40: 1 | K40: Noida | L40: 34000 | M40: 10.2 | N40: 12.4 | O40: 5.6 | P40: 3.4 | Q40: 2 | R40: 2 | S40: 4 | T40: No | U40: 4 | W40: 26-35 | X40: <40K | Y40: 4-6 Years | Z40: 0
A41: EMP0040 | B41: 44455 | C41: Yes | D41: 46 | E41: Non-Binary | F41: Married | G41: PhD | H41: Sales | I41: Sales Executive | J41: 3 | K41: Mumbai | L41: 81000 | M41: 4.2 | N41: 8.9 | O41: 3.8 | P41: 3.1 | Q41: 4 | R41: 3 | S41: 3 | T41: No | U41: 4 | V41: 45843 | W41: 46-55 | X41: 80K-99K | Y41: 4-6 Years | Z41: 1
A42: EMP0041 | B42: 45242 | C42: No | D42: 26 | E42: Female | F42: Married | G42: Master's | H42: Finance | I42: Finance Executive | J42: 1 | K42: Mumbai | L42: 42000 | M42: 13.6 | N42: 5.7 | O42: 2.1 | P42: 1.6 | Q42: 4 | R42: 3 | S42: 3 | T42: Yes | U42: 3 | W42: 26-35 | X42: 40K-59K | Y42: 1-3 Years | Z42: 0
A43: EMP0042 | B43: 44459 | C43: No | D43: 40 | E43: Male | F43: Divorced | G43: PhD | H43: Data & Analytics | I43: Senior Data Analyst | J43: 3 | K43: Noida | L43: 93000 | M43: 12.3 | N43: 4.4 | O43: 4.3 | P43: 4.1 | Q43: 3 | R43: 2 | S43: 3 | T43: No | U43: 3 | W43: 36-45 | X43: 80K-99K | Y43: 4-6 Years | Z43: 0
A44: EMP0043 | B44: 45846 | C44: No | D44: 31 | E44: Non-Binary | F44: Married | G44: Diploma | H44: Operations | I44: Process Associate | J44: 2 | K44: Noida | L44: 43000 | M44: 5.4 | N44: 5.8 | O44: 0.5 | P44: 0 | Q44: 3 | R44: 3 | S44: 3 | T44: No | U44: 5 | W44: 26-35 | X44: 40K-59K | Y44: <1 Year | Z44: 0
A45: EMP0044 | B45: 44928 | C45: No | D45: 32 | E45: Non-Binary | F45: Divorced | G45: Diploma | H45: Finance | I45: Finance Executive | J45: 2 | K45: Bengaluru | L45: 58000 | M45: 10.1 | N45: 10.6 | O45: 3 | P45: 2.1 | Q45: 3 | R45: 2 | S45: 3 | T45: No | U45: 3 | W45: 26-35 | X45: 40K-59K | Y45: 1-3 Years | Z45: 0
A46: EMP0045 | B46: 44371 | C46: No | D46: 33 | E46: Female | F46: Single | G46: Bachelor's | H46: It Support | I46: System Administrator | J46: 2 | K46: Chennai | L46: 65000 | M46: 7.9 | N46: 4.9 | O46: 4.5 | P46: 0.2 | Q46: 3 | R46: 3 | S46: 4 | T46: No | U46: 4 | W46: 26-35 | X46: 60K-79K | Y46: 4-6 Years | Z46: 0
A47: EMP0046 | B47: 44457 | C47: No | D47: 37 | E47: Male | F47: Single | G47: Diploma | H47: Sales | I47: Business Development Executive | J47: 3 | K47: Bengaluru | L47: 69000 | M47: 4.7 | N47: 5.2 | O47: 4.3 | P47: 0.3 | Q47: 3 | R47: 3 | S47: 3 | T47: No | U47: 4 | W47: 36-45 | X47: 60K-79K | Y47: 4-6 Years | Z47: 0
A48: EMP0047 | B48: 44286 | C48: No | D48: 31 | E48: Non-Binary | F48: Divorced | G48: Bachelor's | H48: Data & Analytics | I48: Data Analyst | J48: 3 | K48: Chennai | L48: 96000 | M48: 10.9 | N48: 7.8 | O48: 4.8 | P48: 4.4 | Q48: 3 | R48: 3 | S48: 3 | T48: No | U48: 3 | W48: 26-35 | X48: 80K-99K | Y48: 4-6 Years | Z48: 0
A49: EMP0048 | B49: 43594 | C49: No | D49: 27 | E49: Non-Binary | F49: Married | G49: Diploma | H49: Operations | I49: Operations Executive | J49: 1 | K49: Bengaluru | L49: 22000 | M49: 7.2 | N49: 7.9 | O49: 6.6 | P49: 1 | Q49: 2 | R49: 2 | S49: 1 | T49: Yes | U49: 3 | W49: 26-35 | X49: <40K | Y49: 7-10 Years | Z49: 0
A50: EMP0049 | B50: 42909 | C50: No | D50: 34 | E50: Non-Binary | F50: Single | G50: Master's | H50: Data & Analytics | I50: Senior Data Analyst | J50: 3 | K50: Hyderabad | L50: 78000 | M50: 9.7 | N50: 14.8 | O50: 8.5 | P50: 3.8 | Q50: 3 | R50: 3 | S50: 4 | T50: No | U50: 3 | W50: 26-35 | X50: 60K-79K | Y50: 7-10 Years | Z50: 0
A51: EMP0050 | B51: 45738 | C51: No | D51: 27 | E51: Female | F51: Divorced | G51: PhD | H51: It Support | I51: System Administrator | J51: 1 | K51: Mumbai | L51: 34000 | M51: 9.2 | N51: 5.3 | O51: 0.8 | P51: 0 | Q51: 3 | R51: 2 | S51: 3 | T51: Yes | U51: 4 | W51: 26-35 | X51: <40K | Y51: <1 Year | Z51: 0
A52: EMP0051 | B52: 42774 | C52: No | D52: 36 | E52: Female | F52: Divorced | G52: Bachelor's | H52: Technology | I52: Software Developer | J52: 4 | K52: Pune | L52: 129000 | M52: 13.3 | N52: 14.3 | O52: 8.9 | P52: 5.2 | Q52: 1 | R52: 3 | S52: 1 | T52: No | U52: 4 | W52: 36-45 | X52: 100K+ | Y52: 7-10 Years | Z52: 0
A53: EMP0052 | B53: 45010 | C53: No | D53: 23 | E53: Male | F53: Married | G53: PhD | H53: Finance | I53: Finance Manager | J53: 1 | K53: Noida | L53: 27000 | M53: 11.1 | N53: 6.7 | O53: 2.8 | P53: 0.3 | Q53: 3 | R53: 3 | S53: 3 | T53: Yes | U53: 4 | W53: 18-25 | X53: <40K | Y53: 1-3 Years | Z53: 0
A54: EMP0053 | B54: 44202 | C54: Yes | D54: 37 | E54: Non-Binary | F54: Divorced | G54: PhD | H54: Finance | I54: Finance Executive | J54: 3 | K54: Mumbai | L54: 115000 | M54: 11.3 | N54: 6.9 | O54: 4.3 | P54: 4.2 | Q54: 1 | R54: 3 | S54: 3 | T54: No | U54: 5 | V54: 45787 | W54: 36-45 | X54: 100K+ | Y54: 4-6 Years | Z54: 1
A55: EMP0054 | B55: 43252 | C55: Yes | D55: 40 | E55: Non-Binary | F55: Divorced | G55: Master's | H55: Technology | I55: Senior Software Developer | J55: 3 | K55: Noida | L55: 92000 | M55: 7.7 | N55: 11.4 | O55: 7 | P55: 5.6 | Q55: 3 | R55: 3 | S55: 3 | T55: No | U55: 2 | V55: 45794 | W55: 36-45 | X55: 80K-99K | Y55: 7-10 Years | Z55: 1
A56: EMP0055 | B56: 44360 | C56: No | D56: 28 | E56: Non-Binary | F56: Divorced | G56: Diploma | H56: Data & Analytics | I56: Senior Data Analyst | J56: 3 | K56: Mumbai | L56: 87000 | M56: 7.1 | N56: 8.2 | O56: 4.6 | P56: 0.5 | Q56: 4 | R56: 4 | S56: 3 | T56: Yes | U56: 4 | W56: 26-35 | X56: 80K-99K | Y56: 4-6 Years | Z56: 0
A57: EMP0056 | B57: 44871 | C57: No | D57: 49 | E57: Female | F57: Married | G57: Diploma | H57: It Support | I57: IT Support Lead | J57: 5 | K57: Bengaluru | L57: 134000 | M57: 11.7 | N57: 7.2 | O57: 3.2 | P57: 2.8 | Q57: 3 | R57: 4 | S57: 3 | T57: No | U57: 4 | W57: 46-55 | X57: 100K+ | Y57: 4-6 Years | Z57: 0
A58: EMP0057 | B58: 43858 | C58: No | D58: 30 | E58: Male | F58: Divorced | G58: Master's | H58: Sales | I58: Sales Manager | J58: 4 | K58: Chennai | L58: 120000 | M58: 9.3 | N58: 9.8 | O58: 5.9 | P58: 2 | Q58: 4 | R58: 4 | S58: 3 | T58: No | U58: 5 | W58: 26-35 | X58: 100K+ | Y58: 4-6 Years | Z58: 0
A59: EMP0058 | B59: 44758 | C59: No | D59: 28 | E59: Male | F59: Single | G59: Diploma | H59: Finance | I59: Accountant | J59: 4 | K59: Bengaluru | L59: 121000 | M59: 6.1 | N59: 6.5 | O59: 3.5 | P59: 3.5 | Q59: 3 | R59: 4 | S59: 3 | T59: No | U59: 2 | W59: 26-35 | X59: 100K+ | Y59: 4-6 Years | Z59: 0
A60: EMP0059 | B60: 42022 | C60: No | D60: 33 | E60: Female | F60: Divorced | G60: Bachelor's | H60: It Support | I60: IT Support Lead | J60: 1 | K60: Hyderabad | L60: 27000 | M60: 17.6 | N60: 18.7 | O60: 11 | P60: 0.4 | Q60: 2 | R60: 4 | S60: 3 | T60: Yes | U60: 4 | W60: 26-35 | X60: <40K | Y60: 11+ Years | Z60: 0
A61: EMP0060 | B61: 45669 | C61: No | D61: 21 | E61: Male | F61: Divorced | G61: Bachelor's | H61: It Support | I61: IT Support Lead | J61: 1 | K61: Mumbai | L61: 35000 | M61: 6.4 | N61: 5.3 | O61: 1 | P61: 0.6 | Q61: 4 | R61: 2 | S61: 3 | T61: No | U61: 3 | W61: 18-25 | X61: <40K | Y61: 1-3 Years | Z61: 0
A62: EMP0061 | B62: 44827 | C62: Yes | D62: 27 | E62: Male | F62: Single | G62: Master's | H62: Technology | I62: Software Developer | J62: 1 | K62: Bengaluru | L62: 37000 | M62: 11 | N62: 4.7 | O62: 2.4 | P62: 0.9 | Q62: 4 | R62: 2 | S62: 3 | T62: No | U62: 4 | V62: 45686 | W62: 26-35 | X62: <40K | Y62: 1-3 Years | Z62: 1
A63: EMP0062 | B63: 44849 | C63: Yes | D63: 25 | E63: Female | F63: Divorced | G63: Master's | H63: Human Resources | I63: HR Manager | J63: 1 | K63: Bengaluru | L63: 29000 | M63: 7.1 | N63: 8 | O63: 2.9 | P63: 1.3 | Q63: 4 | R63: 3 | S63: 4 | T63: Yes | U63: 3 | V63: 45894 | W63: 18-25 | X63: <40K | Y63: 1-3 Years | Z63: 1
A64: EMP0063 | B64: 44635 | C64: No | D64: 45 | E64: Female | F64: Divorced | G64: Diploma | H64: Finance | I64: Finance Executive | J64: 5 | K64: Noida | L64: 164000 | M64: 4 | N64: 6.2 | O64: 3.8 | P64: 3.8 | Q64: 3 | R64: 4 | S64: 2 | T64: No | U64: 3 | W64: 36-45 | X64: 100K+ | Y64: 4-6 Years | Z64: 0
A65: EMP0064 | B65: 43100 | C65: No | D65: 48 | E65: Female | F65: Single | G65: Diploma | H65: Sales | I65: Sales Executive | J65: 5 | K65: Pune | L65: 163000 | M65: 2.9 | N65: 14 | O65: 8 | P65: 0.3 | Q65: 3 | R65: 3 | S65: 3 | T65: Yes | U65: 5 | W65: 46-55 | X65: 100K+ | Y65: 7-10 Years | Z65: 0
A66: EMP0065 | B66: 43017 | C66: No | D66: 42 | E66: Non-Binary | F66: Married | G66: Master's | H66: Operations | I66: Operations Analyst | J66: 3 | K66: Bengaluru | L66: 66000 | M66: 10.8 | N66: 13.3 | O66: 8.2 | P66: 5.4 | Q66: 3 | R66: 3 | S66: 3 | T66: No | U66: 3 | W66: 36-45 | X66: 60K-79K | Y66: 7-10 Years | Z66: 0
A67: EMP0066 | B67: 44084 | C67: No | D67: 27 | E67: Female | F67: Married | G67: Diploma | H67: Sales | I67: Sales Manager | J67: 1 | K67: Bengaluru | L67: 33000 | M67: 0 | N67: 13.1 | O67: 5.3 | P67: 2.8 | Q67: 2 | R67: 4 | S67: 4 | T67: Yes | U67: 3 | W67: 26-35 | X67: <40K | Y67: 4-6 Years | Z67: 0
A68: EMP0067 | B68: 42136 | C68: No | D68: 31 | E68: Non-Binary | F68: Single | G68: PhD | H68: Finance | I68: Financial Analyst | J68: 2 | K68: Hyderabad | L68: 44000 | M68: 15.5 | N68: 18.4 | O68: 10.6 | P68: 4.8 | Q68: 3 | R68: 3 | S68: 4 | T68: No | U68: 1 | W68: 26-35 | X68: 40K-59K | Y68: 11+ Years | Z68: 0
A69: EMP0068 | B69: 42999 | C69: No | D69: 30 | E69: Male | F69: Divorced | G69: PhD | H69: Operations | I69: Operations Manager | J69: 3 | K69: Noida | L69: 73000 | M69: 14.8 | N69: 8.5 | O69: 8.3 | P69: 5.3 | Q69: 2 | R69: 3 | S69: 4 | T69: No | U69: 3 | W69: 26-35 | X69: 60K-79K | Y69: 7-10 Years | Z69: 0
A70: EMP0069 | B70: 45719 | C70: Yes | D70: 41 | E70: Non-Binary | F70: Married | G70: Master's | H70: Sales | I70: Business Development Executive | J70: 2 | K70: Mumbai | L70: 53000 | M70: 5.1 | N70: 7.4 | O70: 0.3 | P70: 0 | Q70: 4 | R70: 3 | S70: 3 | T70: Yes | U70: 4 | V70: 45839 | W70: 36-45 | X70: 40K-59K | Y70: <1 Year | Z70: 1
A71: EMP0070 | B71: 43282 | C71: No | D71: 34 | E71: Female | F71: Divorced | G71: Diploma | H71: Operations | I71: Operations Executive | J71: 4 | K71: Bengaluru | L71: 98000 | M71: 9.3 | N71: 9.2 | O71: 7.5 | P71: 2.7 | Q71: 3 | R71: 2 | S71: 3 | T71: No | U71: 5 | W71: 26-35 | X71: 80K-99K | Y71: 7-10 Years | Z71: 0
A72: EMP0071 | B72: 45391 | C72: No | D72: 34 | E72: Male | F72: Divorced | G72: Master's | H72: Finance | I72: Finance Executive | J72: 2 | K72: Bengaluru | L72: 61000 | M72: 15.3 | N72: 6.9 | O72: 1.7 | P72: 1 | Q72: 3 | R72: 1 | S72: 4 | T72: No | U72: 3 | W72: 26-35 | X72: 60K-79K | Y72: 1-3 Years | Z72: 0
A73: EMP0072 | B73: 42438 | C73: No | D73: 48 | E73: Male | F73: Single | G73: Bachelor's | H73: It Support | I73: System Administrator | J73: 3 | K73: Pune | L73: 58000 | M73: 8.4 | N73: 14.6 | O73: 9.8 | P73: 1.7 | Q73: 4 | R73: 4 | S73: 4 | T73: Yes | U73: 4 | W73: 46-55 | X73: 40K-59K | Y73: 7-10 Years | Z73: 0
A74: EMP0073 | B74: 44896 | C74: Yes | D74: 35 | E74: Male | F74: Married | G74: Master's | H74: Technology | I74: QA Engineer | J74: 3 | K74: Chennai | L74: 81000 | M74: 8.2 | N74: 6.9 | O74: 2.7 | P74: 2 | Q74: 2 | R74: 3 | S74: 4 | T74: No | U74: 3 | V74: 45873 | W74: 26-35 | X74: 80K-99K | Y74: 1-3 Years | Z74: 1
A75: EMP0074 | B75: 42850 | C75: No | D75: 29 | E75: Non-Binary | F75: Single | G75: Bachelor's | H75: Technology | I75: QA Engineer | J75: 3 | K75: Pune | L75: 94000 | M75: 10.4 | N75: 14.2 | O75: 8.7 | P75: 2.9 | Q75: 3 | R75: 4 | S75: 2 | T75: Yes | U75: 2 | W75: 26-35 | X75: 80K-99K | Y75: 7-10 Years | Z75: 0
A76: EMP0075 | B76: 43360 | C76: No | D76: 39 | E76: Male | F76: Married | G76: PhD | H76: Sales | I76: Sales Manager | J76: 2 | K76: Pune | L76: 56000 | M76: 12.3 | N76: 13.6 | O76: 7.3 | P76: 0.7 | Q76: 3 | R76: 3 | S76: 4 | T76: No | U76: 4 | W76: 36-45 | X76: 40K-59K | Y76: 7-10 Years | Z76: 0
A77: EMP0076 | B77: 43888 | C77: No | D77: 27 | E77: Male | F77: Single | G77: Bachelor's | H77: Finance | I77: Finance Executive | J77: 1 | K77: Mumbai | L77: 30000 | M77: 12 | N77: 8.3 | O77: 5.8 | P77: 1.5 | Q77: 3 | R77: 4 | S77: 3 | T77: No | U77: 3 | W77: 26-35 | X77: <40K | Y77: 4-6 Years | Z77: 0
A78: EMP0077 | B78: 43535 | C78: No | D78: 33 | E78: Non-Binary | F78: Single | G78: Diploma | H78: Technology | I78: QA Engineer | J78: 4 | K78: Chennai | L78: 125000 | M78: 14.1 | N78: 7.8 | O78: 6.8 | P78: 2.1 | Q78: 3 | R78: 3 | S78: 3 | T78: No | U78: 4 | W78: 26-35 | X78: 100K+ | Y78: 7-10 Years | Z78: 0
A79: EMP0078 | B79: 43745 | C79: No | D79: 37 | E79: Female | F79: Divorced | G79: Bachelor's | H79: Sales | I79: Sales Manager | J79: 2 | K79: Chennai | L79: 51000 | M79: 8.1 | N79: 9 | O79: 6.2 | P79: 3.3 | Q79: 3 | R79: 2 | S79: 3 | T79: Yes | U79: 3 | W79: 36-45 | X79: 40K-59K | Y79: 7-10 Years | Z79: 0
A80: EMP0079 | B80: 44745 | C80: No | D80: 39 | E80: Male | F80: Single | G80: Master's | H80: Operations | I80: Operations Manager | J80: 1 | K80: Mumbai | L80: 39000 | M80: 14.2 | N80: 4.9 | O80: 3.5 | P80: 0.5 | Q80: 4 | R80: 3 | S80: 2 | T80: No | U80: 4 | W80: 36-45 | X80: <40K | Y80: 4-6 Years | Z80: 0
A81: EMP0080 | B81: 44332 | C81: No | D81: 38 | E81: Female | F81: Married | G81: PhD | H81: Finance | I81: Finance Manager | J81: 2 | K81: Mumbai | L81: 52000 | M81: 10.3 | N81: 5.3 | O81: 4.6 | P81: 0.2 | Q81: 4 | R81: 2 | S81: 3 | T81: No | U81: 4 | W81: 36-45 | X81: 40K-59K | Y81: 4-6 Years | Z81: 0
A82: EMP0081 | B82: 44992 | C82: No | D82: 34 | E82: Non-Binary | F82: Single | G82: Bachelor's | H82: Human Resources | I82: HR Manager | J82: 2 | K82: Pune | L82: 56000 | M82: 5.7 | N82: 8.2 | O82: 2.8 | P82: 1.7 | Q82: 3 | R82: 3 | S82: 3 | T82: No | U82: 3 | W82: 26-35 | X82: 40K-59K | Y82: 1-3 Years | Z82: 0
A83: EMP0082 | B83: 44315 | C83: Yes | D83: 26 | E83: Non-Binary | F83: Married | G83: Bachelor's | H83: Sales | I83: Account Manager | J83: 1 | K83: Mumbai | L83: 23000 | M83: 13.6 | N83: 10.3 | O83: 4.4 | P83: 0.8 | Q83: 3 | R83: 3 | S83: 3 | T83: No | U83: 3 | V83: 45912 | W83: 26-35 | X83: <40K | Y83: 4-6 Years | Z83: 1
A84: EMP0083 | B84: 43948 | C84: No | D84: 37 | E84: Male | F84: Divorced | G84: PhD | H84: It Support | I84: IT Support Specialist | J84: 2 | K84: Noida | L84: 57000 | M84: 9 | N84: 8.9 | O84: 5.7 | P84: 3.6 | Q84: 3 | R84: 3 | S84: 3 | T84: Yes | U84: 5 | W84: 36-45 | X84: 40K-59K | Y84: 4-6 Years | Z84: 0
A85: EMP0084 | B85: 45461 | C85: Yes | D85: 34 | E85: Non-Binary | F85: Divorced | G85: Master's | H85: Sales | I85: Sales Executive | J85: 2 | K85: Hyderabad | L85: 47000 | M85: 12.9 | N85: 6.9 | O85: 1 | P85: 0.2 | Q85: 3 | R85: 4 | S85: 2 | T85: No | U85: 4 | V85: 45816 | W85: 26-35 | X85: 40K-59K | Y85: 1-3 Years | Z85: 1
A86: EMP0085 | B86: 45335 | C86: No | D86: 27 | E86: Non-Binary | F86: Divorced | G86: PhD | H86: Sales | I86: Account Manager | J86: 1 | K86: Noida | L86: 31000 | M86: 10.7 | N86: 8 | O86: 1.9 | P86: 1.2 | Q86: 2 | R86: 2 | S86: 4 | T86: Yes | U86: 3 | W86: 26-35 | X86: <40K | Y86: 1-3 Years | Z86: 0
A87: EMP0086 | B87: 43798 | C87: Yes | D87: 27 | E87: Female | F87: Married | G87: Bachelor's | H87: Human Resources | I87: HR Analyst | J87: 1 | K87: Bengaluru | L87: 34000 | M87: 10 | N87: 10.8 | O87: 5.7 | P87: 4.5 | Q87: 2 | R87: 3 | S87: 3 | T87: No | U87: 2 | V87: 45884 | W87: 26-35 | X87: <40K | Y87: 4-6 Years | Z87: 1
A88: EMP0087 | B88: 42851 | C88: No | D88: 30 | E88: Non-Binary | F88: Divorced | G88: Master's | H88: Sales | I88: Sales Manager | J88: 1 | K88: Hyderabad | L88: 36000 | M88: 3.2 | N88: 12.4 | O88: 8.7 | P88: 3.3 | Q88: 3 | R88: 4 | S88: 4 | T88: No | U88: 3 | W88: 26-35 | X88: <40K | Y88: 7-10 Years | Z88: 0
A89: EMP0088 | B89: 43219 | C89: No | D89: 28 | E89: Female | F89: Divorced | G89: Master's | H89: Human Resources | I89: HR Manager | J89: 3 | K89: Hyderabad | L89: 72000 | M89: 10.2 | N89: 15.5 | O89: 7.7 | P89: 0.5 | Q89: 4 | R89: 3 | S89: 1 | T89: No | U89: 4 | W89: 26-35 | X89: 60K-79K | Y89: 7-10 Years | Z89: 0
A90: EMP0089 | B90: 42603 | C90: No | D90: 39 | E90: Non-Binary | F90: Divorced | G90: Master's | H90: Sales | I90: Sales Manager | J90: 2 | K90: Hyderabad | L90: 51000 | M90: 8.9 | N90: 12 | O90: 9.4 | P90: 2 | Q90: 1 | R90: 3 | S90: 3 | T90: No | U90: 3 | W90: 36-45 | X90: 40K-59K | Y90: 7-10 Years | Z90: 0
A91: EMP0090 | B91: 44587 | C91: No | D91: 33 | E91: Male | F91: Divorced | G91: Bachelor's | H91: Technology | I91: Senior Software Developer | J91: 4 | K91: Noida | L91: 122000 | M91: 10.3 | N91: 9.6 | O91: 3.9 | P91: 0.3 | Q91: 3 | R91: 3 | S91: 3 | T91: No | U91: 3 | W91: 26-35 | X91: 100K+ | Y91: 4-6 Years | Z91: 0
A92: EMP0091 | B92: 45835 | C92: No | D92: 37 | E92: Male | F92: Divorced | G92: Bachelor's | H92: Operations | I92: Process Associate | J92: 3 | K92: Noida | L92: 86000 | M92: 8.6 | N92: 6.6 | O92: 0.5 | P92: 0 | Q92: 4 | R92: 4 | S92: 2 | T92: No | U92: 3 | W92: 36-45 | X92: 80K-99K | Y92: <1 Year | Z92: 0
A93: EMP0092 | B93: 45254 | C93: No | D93: 38 | E93: Female | F93: Divorced | G93: Diploma | H93: Sales | I93: Account Manager | J93: 3 | K93: Noida | L93: 73000 | M93: 9.9 | N93: 9.3 | O93: 2.1 | P93: 1.5 | Q93: 3 | R93: 1 | S93: 3 | T93: Yes | U93: 4 | W93: 36-45 | X93: 60K-79K | Y93: 1-3 Years | Z93: 0
A94: EMP0093 | B94: 44891 | C94: No | D94: 34 | E94: Female | F94: Divorced | G94: PhD | H94: It Support | I94: IT Support Lead | J94: 2 | K94: Pune | L94: 45000 | M94: 9.1 | N94: 4.6 | O94: 3.1 | P94: 2.1 | R94: 3 | S94: 3 | T94: No | U94: 4 | W94: 26-35 | X94: 40K-59K | Y94: 4-6 Years | Z94: 0
A95: EMP0094 | B95: 45321 | C95: No | D95: 43 | E95: Male | F95: Married | G95: PhD | H95: It Support | I95: System Administrator | J95: 4 | K95: Chennai | L95: 117000 | M95: 17.6 | N95: 6.4 | O95: 1.9 | P95: 0.2 | Q95: 3 | R95: 4 | S95: 4 | T95: Yes | U95: 3 | W95: 36-45 | X95: 100K+ | Y95: 1-3 Years | Z95: 0
A96: EMP0095 | B96: 42022 | C96: No | D96: 39 | E96: Male | F96: Single | G96: Diploma | H96: Data & Analytics | I96: Data Engineer | J96: 1 | K96: Bengaluru | L96: 41000 | M96: 17.8 | N96: 14.3 | O96: 11 | P96: 2.4 | Q96: 4 | R96: 3 | S96: 3 | T96: No | U96: 2 | W96: 36-45 | X96: 40K-59K | Y96: 11+ Years | Z96: 0
A97: EMP0096 | B97: 43976 | C97: No | D97: 27 | E97: Male | F97: Single | G97: Diploma | H97: It Support | I97: IT Analyst | J97: 1 | K97: Pune | L97: 28000 | M97: 0.5 | N97: 11.2 | O97: 5.6 | P97: 0.8 | Q97: 3 | R97: 3 | S97: 3 | T97: Yes | U97: 1 | W97: 26-35 | X97: <40K | Y97: 4-6 Years | Z97: 0
A98: EMP0097 | B98: 43868 | C98: No | D98: 28 | E98: Male | F98: Married | G98: Bachelor's | H98: It Support | I98: System Administrator | J98: 3 | K98: Noida | L98: 77000 | M98: 10.4 | N98: 8.3 | O98: 5.9 | P98: 0.3 | Q98: 2 | R98: 3 | S98: 4 | T98: No | U98: 3 | W98: 26-35 | X98: 60K-79K | Y98: 4-6 Years | Z98: 0
A99: EMP0098 | B99: 44668 | C99: No | D99: 40 | E99: Non-Binary | F99: Divorced | G99: Bachelor's | H99: Human Resources | I99: Recruiter | J99: 3 | K99: Mumbai | L99: 68000 | M99: 5.4 | N99: 5.2 | O99: 3.7 | P99: 2.5 | Q99: 3 | R99: 3 | S99: 3 | T99: Yes | U99: 5 | W99: 36-45 | X99: 60K-79K | Y99: 4-6 Years | Z99: 0
A100: EMP0099 | B100: 45854 | C100: No | D100: 24 | E100: Non-Binary | F100: Divorced | G100: Diploma | H100: It Support | I100: IT Support Lead | J100: 1 | K100: Pune | L100: 49000 | M100: 13.7 | N100: 3.3 | O100: 0.5 | P100: 0 | Q100: 3 | R100: 2 | S100: 3 | T100: No | U100: 2 | W100: 18-25 | X100: 40K-59K | Y100: <1 Year | Z100: 0
A101: EMP0100 | B101: 45773 | C101: No | D101: 21 | E101: Female | F101: Single | G101: Diploma | H101: Technology | I101: QA Engineer | J101: 1 | K101: Pune | L101: 50000 | M101: 8.5 | N101: 4.4 | O101: 0.7 | P101: 0 | Q101: 2 | R101: 3 | S101: 4 | T101: No | U101: 2 | W101: 18-25 | X101: 40K-59K | Y101: <1 Year | Z101: 0
A102: EMP0101 | B102: 45363 | C102: No | D102: 22 | E102: Male | F102: Divorced | G102: Diploma | H102: Technology | I102: Senior Software Developer | J102: 1 | K102: Hyderabad | L102: 32000 | M102: 9 | N102: 8.3 | O102: 1.8 | P102: 0.9 | Q102: 3 | R102: 1 | S102: 3 | T102: No | U102: 3 | W102: 18-25 | X102: <40K | Y102: 1-3 Years | Z102: 0
A103: EMP0102 | B103: 44496 | C103: No | D103: 30 | E103: Male | F103: Divorced | G103: PhD | H103: Technology | I103: QA Engineer | J103: 2 | K103: Bengaluru | L103: 65000 | M103: 4.7 | N103: 5.7 | O103: 4.2 | P103: 2.9 | Q103: 4 | R103: 3 | S103: 4 | T103: No | U103: 3 | W103: 26-35 | X103: 60K-79K | Y103: 4-6 Years | Z103: 0
A104: EMP0103 | B104: 44540 | C104: No | D104: 34 | E104: Female | F104: Divorced | G104: PhD | H104: Finance | I104: Accountant | J104: 3 | K104: Hyderabad | L104: 85000 | M104: 11.8 | N104: 8.9 | O104: 4.1 | P104: 1.7 | Q104: 3 | R104: 3 | S104: 3 | T104: Yes | U104: 1 | W104: 26-35 | X104: 80K-99K | Y104: 4-6 Years | Z104: 0
A105: EMP0104 | B105: 45866 | C105: No | D105: 22 | E105: Male | F105: Single | G105: Bachelor's | H105: Operations | I105: Operations Executive | J105: 1 | K105: Pune | L105: 43000 | M105: 10.3 | N105: 5.9 | O105: 0.4 | P105: 0 | Q105: 3 | R105: 2 | S105: 3 | T105: No | U105: 4 | W105: 18-25 | X105: 40K-59K | Y105: <1 Year | Z105: 0
A106: EMP0105 | B106: 41855 | C106: No | D106: 44 | E106: Female | F106: Divorced | G106: Diploma | H106: It Support | I106: IT Analyst | J106: 2 | K106: Pune | L106: 53000 | M106: 13.7 | N106: 14.4 | O106: 11.4 | P106: 2.7 | Q106: 2 | R106: 2 | S106: 2 | T106: Yes | U106: 3 | W106: 36-45 | X106: 40K-59K | Y106: 11+ Years | Z106: 0
... A108: EMP0107 | B108: 42072 | C108: No | D108: 38 | E108: Female | F108: Single | G108: Master's | H108: It Support | I108: IT Support Specialist | J108: 3 | K108: Hyderabad | L108: 88000 | M108: 5.1 | N108: 17.6 | O108: 10.8 | P108: 1.9 | Q108: 2 | R108: 3 | S108: 2 | T108: No | U108: 4 | W108: 36-45 | X108: 80K-99K | Y108: 11+ Years | Z108: 0
...

Sheet Raw_HR_Data
A1: Employee_ID | B1: Joining_Date | C1: Exit_Date | D1: Attrition | E1: Age | F1: Gender | G1: Marital_Status | H1: Education | I1: Department | J1: Job_Role | K1: Job_Level | L1: Location | M1: Monthly_Salary | N1: Salary_Hike_Pct | O1: Total_Work_Experience | P1: Years_at_Company | Q1: Years_Since_Last_Promotion | R1: Job_Satisfaction | S1: Environment_Satisfaction | T1: Work_Life_Balance | U1: Overtime | V1: Performance_Rating | W1: Column1 | X1: Column2
A2: EMP0001 | B2: 44738 | D2: No | E2: 36 | F2: Non-Binary | G2: Divorced | H2: Bachelor's | I2: Operations | J2: Operations Executive | K2: 1 | L2: Chennai | M2: 30000 | N2: 11.6 | O2: 10.7 | P2: 3.5 | Q2: 0.3 | R2: 4 | S2: 3 | T2: 1 | U2: Yes | V2: 3 | W2: =COUNTIF($A$2:A2,A2) -> 1
A3: EMP0002 | B3: 43610 | D3: No | E3: 31 | F3: Male | G3: Married | H3: Bachelor's | I3: Data & Analytics | J3: Data Engineer | K3: 2 | L3: Hyderabad | M3: 59000 | N3: 15.3 | O3: 12.2 | P3: 6.6 | Q3: 2 | R3: 1 | S3: 2 | T3: 4 | U3: No | V3: 3 | W3: =COUNTIF($A$2:A3,A3) -> 1
A4: EMP0003 | B4: 43053 | D4: No | E4: 30 | F4: Non-Binary | G4: Single | H4: Bachelor's | I4: IT Support | J4: IT Analyst | K4: 3 | L4: Bengaluru | M4: 80000 | N4: 7.1 | O4: 11.2 | P4: 8.1 | Q4: 3.3 | R4: 3 | S4: 4 | T4: 3 | U4: No | V4: 4 | W4: =COUNTIF($A$2:A4,A4) -> 1
A5: EMP0004 | B5: 41703 | D5: No | E5: 35 | F5: Non-Binary | G5: Divorced | H5: Bachelor's | I5: Operations | J5: Operations Analyst | K5: 3 | L5: Chennai | M5: 55000 | N5: 2.1 | O5: 15.5 | P5: 11.8 | Q5: 5 | R5: 4 | S5: 2 | T5: 3 | U5: No | V5: 4 | W5: =COUNTIF($A$2:A5,A5) -> 1
A6: EMP0005 | B6: 44801 | D6: No | E6: 26 | F6: Male | G6: Single | H6: Bachelor's | I6: Operations | J6: Operations Analyst | K6: 1 | L6: Hyderabad | M6: 34000 | N6: 5.4 | O6: 10.7 | P6: 3.3 | Q6: 2.3 | R6: 3 | S6: 2 | T6: 3 | U6: Yes | V6: 4 | W6: =COUNTIF($A$2:A6,A6) -> 1
A7: EMP0006 | B7: 42011 | D7: No | E7: 43 | F7: Non-Binary | G7: Divorced | H7: Diploma | I7: Finance | J7: Finance Executive | K7: 1 | L7: Noida | M7: 33000 | N7: 9.3 | O7: 15 | P7: 11 | Q7: 5.3 | R7: 3 | S7: 3 | T7: 2 | U7: No | V7: 2 | W7: =COUNTIF($A$2:A7,A7) -> 1
A8: EMP0007 | B8: 44644 | D8: No | E8: 29 | F8: Female | G8: Divorced | H8: Bachelor's | I8: Human Resources | J8: HR Manager | K8: 4 | L8: Mumbai | M8: 107000 | N8: 4.4 | O8: 4.5 | P8: 3.8 | Q8: 0.2 | R8: 4 | S8: 2 | T8: 3 | U8: Yes | V8: 4 | W8: =COUNTIF($A$2:A8,A8) -> 1
A9: EMP0008 | B9: 42827 | D9: No | E9: 29 | F9: Female | G9: Single | H9: PhD | I9: Finance | J9: Finance Manager | K9: 3 | L9: Bengaluru | M9: 77000 | N9: 6.6 | O9: 14.2 | P9: 8.7 | Q9: 3.2 | R9: 1 | S9: 3 | T9: 3 | U9: No | V9: 2 | W9: =COUNTIF($A$2:A9,A9) -> 1
A10: EMP0009 | B10: 42657 | D10: No | E10: 33 | F10: Non-Binary | G10: Single | H10: Diploma | I10: Operations | J10: Operations Manager | K10: 5 | L10: Mumbai | M10: 134000 | N10: 12.3 | O10: 15.9 | P10: 9.2 | Q10: 3 | R10: 2 | S10: 2 | T10: 3 | U10: No | V10: 2 | W10: =COUNTIF($A$2:A10,A10) -> 1
A11: EMP0010 | B11: 42158 | C11: 45948 | D11: Yes | E11: 34 | F11: Male | G11: Single | H11: PhD | I11: Technology | J11: Software Developer | K11: 4 | L11: Chennai | M11: 107000 | N11: 3.7 | O11: 18 | P11: 10.4 | Q11: 0.5 | R11: 3 | S11: 3 | T11: 2 | U11: No | V11: 4 | W11: =COUNTIF($A$2:A11,A11) -> 1
A12: EMP0011 | B12: 43321 | D12: No | E12: 38 | F12: Non-Binary | G12: Married | H12: Bachelor's | I12: Data & Analytics | J12: Senior Data Analyst | K12: 3 | L12: Pune | M12: 91000 | N12: 8.5 | O12: 12.9 | P12: 7.4 | Q12: 4.3 | R12: 4 | S12: 3 | T12: 3 | U12: No | V12: 3 | W12: =COUNTIF($A$2:A12,A12) -> 1
A13: EMP0012 | B13: 45580 | C13: 45694 | D13: Yes | E13: 23 | F13: Non-Binary | G13: Single | H13: Diploma | I13: Data & Analytics | J13: Data Analyst | K13: 1 | L13: Noida | M13: 33000 | N13: 7.2 | O13: 6 | P13: 0.3 | Q13: 0 | R13: 2 | S13: 1 | T13: 1 | U13: No | V13: 3 | W13: =COUNTIF($A$2:A13,A13) -> 1
A14: EMP0013 | B14: 42822 | D14: No | E14: 35 | F14: Female | G14: Married | H14: Bachelor's | I14: Finance | J14: Accountant | K14: 3 | L14: Noida | M14: 64000 | N14: 10.3 | O14: 12.5 | P14: 8.8 | Q14: 2.4 | R14: 3 | S14: 2 | T14: 3 | U14: No | V14: 3 | W14: =COUNTIF($A$2:A14,A14) -> 1
A15: EMP0014 | B15: 43865 | D15: No | E15: 28 | F15: Male | G15: Married | H15: Bachelor's | I15: Operations | J15: Operations Executive | K15: 1 | L15: Bengaluru | M15: 37000 | N15: 13.1 | O15: 10.2 | P15: 5.9 | Q15: 0.8 | R15: 2 | S15: 2 | T15: 3 | U15: No | V15: 5 | W15: =COUNTIF($A$2:A15,A15) -> 1
A16: EMP0015 | B16: 43542 | D16: No | E16: 27 | F16: Female | G16: Married | H16: PhD | I16: Operations | J16: Operations Executive | K16: 1 | L16: Hyderabad | M16: 29000 | N16: 10.3 | O16: 10.7 | P16: 6.8 | Q16: 1.3 | R16: 4 | S16: 3 | T16: 1 | U16: No | V16: 3 | W16: =COUNTIF($A$2:A16,A16) -> 1
A17: EMP0016 | B17: 44862 | D17: No | E17: 30 | F17: Male | G17: Single | H17: Bachelor's | I17: Finance | J17: Finance Manager | K17: 2 | L17: Pune | M17: 53000 | N17: 4.6 | O17: 9.2 | P17: 3.2 | Q17: 0.2 | R17: 3 | S17: 3 | T17: 3 | U17: No | V17: 4 | W17: =COUNTIF($A$2:A17,A17) -> 1
A18: EMP0017 | B18: 44908 | D18: No | E18: 39 | F18: Female | G18: Single | H18: Diploma | I18: Technology | J18: Software Developer | K18: 3 | L18: Pune | M18: 99000 | N18: 8.7 | O18: 7.8 | P18: 3 | Q18: 1.9 | R18: 4 | S18: 3 | T18: 3 | U18: Yes | V18: 4 | W18: =COUNTIF($A$2:A18,A18) -> 1
A19: EMP0018 | B19: 43154 | D19: No | E19: 36 | F19: Non-Binary | G19: Married | H19: Master's | I19: Sales | J19: Business Development Executive | K19: 2 | L19: Hyderabad | M19: 47000 | N19: 10.4 | O19: 7.9 | P19: 7.9 | Q19: 3.7 | R19: 4 | S19: 3 | T19: 2 | U19: No | V19: 4 | W19: =COUNTIF($A$2:A19,A19) -> 1
A20: EMP0019 | B20: 45239 | D20: No | E20: 33 | F20: Non-Binary | G20: Single | H20: Master's | I20: Technology | J20: Senior Software Developer | K20: 2 | L20: Hyderabad | M20: 73000 | N20: 0 | O20: 10 | P20: 2.1 | Q20: 1.4 | R20: 3 | S20: 1 | T20: 4 | U20: No | V20: 3 | W20: =COUNTIF($A$2:A20,A20) -> 1
A21: EMP0020 | B21: 45249 | D21: No | E21: 34 | F21: Male | G21: Single | H21: PhD | I21: Technology | J21: Software Developer | K21: 3 | L21: Hyderabad | M21: 84000 | N21: 9.4 | O21: 7.6 | P21: 2.1 | Q21: 1.8 | R21: 2 | S21: 3 | T21: 2 | U21: No | V21: 5 | W21: =COUNTIF($A$2:A21,A21) -> 1
A22: EMP0021 | B22: 45402 | D22: No | E22: 31 | F22: Male | G22: Divorced | H22: Bachelor's | I22: Technology | J22: Software Developer | K22: 2 | L22: Hyderabad | M22: 63000 | N22: 14.9 | O22: 7.3 | P22: 1.7 | Q22: 1 | R22: 2 | S22: 2 | T22: 4 | U22: No | V22: 4 | W22: =COUNTIF($A$2:A22,A22) -> 1
A23: EMP0022 | B23: 44861 | D23: No | E23: 27 | F23: Female | G23: Divorced | H23: PhD | I23: Human Resources | J23: Recruiter | K23: 1 | L23: Chennai | M23: 28000 | N23: 12.7 | O23: 11 | P23: 3.2 | Q23: 0.1 | R23: 3 | S23: 3 | T23: 3 | U23: Yes | V23: 4 | W23: =COUNTIF($A$2:A23,A23) -> 1
A24: EMP0023 | B24: 45161 | D24: No | E24: 29 | F24: Non-Binary | G24: Divorced | H24: Master's | I24: Operations | J24: Operations Analyst | K24: 4 | L24: Hyderabad | M24: 108000 | N24: 9.4 | O24: 5.7 | P24: 2.4 | Q24: 0.4 | R24: 4 | S24: 4 | T24: 4 | U24: Yes | V24: 3 | W24: =COUNTIF($A$2:A24,A24) -> 1
A25: EMP0024 | B25: 45804 | D25: No | E25: 28 | F25: Female | G25: Married | H25: Diploma | I25: Data & Analytics | J25: Data Analyst | K25: 2 | L25: Bengaluru | M25: 59000 | N25: 7.4 | O25: 3.4 | P25: 0.6 | Q25: 0 | R25: 2 | S25: 4 | T25: 2 | U25: No | V25: 4 | W25: =COUNTIF($A$2:A25,A25) -> 1
... A33: EMP0032 | B33: 43572 | D33: No | E33: 37 | F33: Non-Binary | G33: Single | H33: Diploma | I33: Human Resources | J33: HR Manager | K33: 4 | L33: Mumbai | M33: 126000 | N33: 5 | O33: 8.8 | P33: 6.7 | Q33: 1.5 | R33: 4 | S33: 3 | T33: 4 | U33: No | V33: 4 | W33: =COUNTIF($A$2:A33,A33) -> 1
A34: EMP0033 | B34: 44478 | C34: 45854 | D34: Yes | E34: 34 | F34: Female | G34: Single | H34: Master's | I34: Technology | J34: QA Engineer | K34: 2 | L34: Mumbai | M34: 55000 | N34: 2.8 | O34: 9.3 | P34: 3.8 | Q34: 2.7 | R34: 2 | S34: 1 | T34: 3 | U34: No | V34: 4 | W34: =COUNTIF($A$2:A34,A34) -> 1
A35: EMP0034 | B35: 44129 | C35: 45838 | D35: Yes | E35: 26 | F35: Non-Binary | G35: Divorced | H35: Master's | I35: Finance | J35: Financial Analyst | K35: 1 | L35: Mumbai | M35: 39000 | N35: 5.3 | O35: 7.1 | P35: 4.7 | Q35: 1.8 | R35: 3 | S35: 4 | T35: 4 | U35: No | V35: 4 | W35: =COUNTIF($A$2:A35,A35) -> 1
A36: EMP0035 | B36: 45831 | D36: No | E36: 28 | F36: Female | G36: Divorced | H36: Bachelor's | I36: Data & Analytics | J36: Senior Data Analyst | K36: 2 | L36: Bengaluru | M36: 59000 | N36: 12.3 | O36: 1.8 | P36: 0.5 | Q36: 0 | R36: 3 | S36: 2 | T36: 3 | U36: No | V36: 1 | W36: =COUNTIF($A$2:A36,A36) -> 1
A37: EMP0036 | B37: 43940 | D37: No | E37: 35 | F37: Female | G37: Single | H37: PhD | I37: Operations | J37: Process Associate | K37: 2 | L37: Bengaluru | M37: 61000 | N37: 2.6 | O37: 8.3 | P37: 5.7 | Q37: 4.3 | R37: 3 | S37: 3 | T37: 3 | U37: Yes | V37: 4 | W37: =COUNTIF($A$2:A37,A37) -> 1
A38: EMP0037 | B38: 44417 | D38: No | E38: 35 | F38: Male | G38: Married | H38: Bachelor's | I38: Operations | J38: Operations Executive | K38: 5 | L38: Chennai | M38: 151000 | N38: 4.1 | O38: 10.4 | P38: 4.4 | Q38: 4.2 | R38: 4 | S38: 2 | T38: 1 | U38: No | V38: 2 | W38: =COUNTIF($A$2:A38,A38) -> 1
A39: EMP0038 | B39: 42636 | D39: No | E39: 37 | F39: Female | G39: Divorced | H39: PhD | I39: Data & Analytics | J39: Data Engineer | K39: 3 | L39: Mumbai | M39: 92000 | N39: 10 | O39: 10.2 | P39: 9.3 | Q39: 4.9 | R39: 3 | S39: 4 | T39: 2 | U39: Yes | V39: 1 | W39: =COUNTIF($A$2:A39,A39) -> 1
A40: EMP0039 | B40: 43971 | D40: No | E40: 28 | F40: Female | G40: Divorced | H40: PhD | I40: Operations | J40: Operations Analyst | K40: 1 | L40: Noida | M40: 34000 | N40: 10.2 | O40: 12.4 | P40: 5.6 | Q40: 3.4 | R40: 2 | S40: 2 | T40: 4 | U40: No | V40: 4 | W40: =COUNTIF($A$2:A40,A40) -> 1
A41: EMP0040 | B41: 44455 | C41: 45843 | D41: Yes | E41: 46 | F41: Non-Binary | G41: Married | H41: PhD | I41: Sales | J41: Sales Executive | K41: 3 | L41: Mumbai | M41: 81000 | N41: 4.2 | O41: 8.9 | P41: 3.8 | Q41: 3.1 | R41: 4 | S41: 3 | T41: 3 | U41: No | V41: 4 | W41: =COUNTIF($A$2:A41,A41) -> 1
A42: EMP0041 | B42: 45242 | D42: No | E42: 26 | F42: Female | G42: Married | H42: Master's | I42: Finance | J42: Finance Executive | K42: 1 | L42: Mumbai | M42: 42000 | N42: 13.6 | O42: 5.7 | P42: 2.1 | Q42: 1.6 | R42: 4 | S42: 3 | T42: 3 | U42: Yes | V42: 3 | W42: =COUNTIF($A$2:A42,A42) -> 1
A43: EMP0042 | B43: 44459 | D43: No | E43: 40 | F43: Male | G43: Divorced | H43: PhD | I43: Data & Analytics | J43: Senior Data Analyst | K43: 3 | L43: Noida | M43: 93000 | N43: 12.3 | O43: 4.4 | P43: 4.3 | Q43: 4.1 | R43: 3 | S43: 2 | T43: 3 | U43: No | V43: 3 | W43: =COUNTIF($A$2:A43,A43) -> 1
A44: EMP0043 | B44: 45846 | D44: No | E44: 31 | F44: Non-Binary | G44: Married | H44: Diploma | I44: Operations | J44: Process Associate | K44: 2 | L44: Noida | M44: 43000 | N44: 5.4 | O44: 5.8 | P44: 0.5 | Q44: 0 | R44: 3 | S44: 3 | T44: 3 | U44: No | V44: 5 | W44: =COUNTIF($A$2:A44,A44) -> 1
A45: EMP0044 | B45: 44928 | D45: No | E45: 32 | F45: Non-Binary | G45: Divorced | H45: Diploma | I45: Finance | J45: Finance Executive | K45: 2 | L45: Bengaluru | M45: 58000 | N45: 10.1 | O45: 10.6 | P45: 3 | Q45: 2.1 | R45: 3 | S45: 2 | T45: 3 | U45: No | V45: 3 | W45: =COUNTIF($A$2:A45,A45) -> 1
A46: EMP0045 | B46: 44371 | D46: No | E46: 33 | F46: Female | G46: Single | H46: Bachelor's | I46: IT Support | J46: System Administrator | K46: 2 | L46: Chennai | M46: 65000 | N46: 7.9 | O46: 4.9 | P46: 4.5 | Q46: 0.2 | R46: 3 | S46: 3 | T46: 4 | U46: No | V46: 4 | W46: =COUNTIF($A$2:A46,A46) -> 1
A47: EMP0046 | B47: 44457 | D47: No | E47: 37 | F47: Male | G47: Single | H47: Diploma | I47: Sales | J47: Business Development Executive | K47: 3 | L47: Bengaluru | M47: 69000 | N47: 4.7 | O47: 5.2 | P47: 4.3 | Q47: 0.3 | R47: 3 | S47: 3 | T47: 3 | U47: No | V47: 4 | W47: =COUNTIF($A$2:A47,A47) -> 1
A48: EMP0047 | B48: 44286 | D48: No | E48: 31 | F48: Non-Binary | G48: Divorced | H48: Bachelor's | I48: Data & Analytics | J48: Data Analyst | K48: 3 | L48: Chennai | M48: 96000 | N48: 10.9 | O48: 7.8 | P48: 4.8 | Q48: 4.4 | R48: 3 | S48: 3 | T48: 3 | U48: No | V48: 3 | W48: =COUNTIF($A$2:A48,A48) -> 1
A49: EMP0048 | B49: 43594 | D49: No | E49: 27 | F49: Non-Binary | G49: Married | H49: Diploma | I49: Operations | J49: Operations Executive | K49: 1 | L49: Bengaluru | M49: 22000 | N49: 7.2 | O49: 7.9 | P49: 6.6 | Q49: 1 | R49: 2 | S49: 2 | T49: 1 | U49: Yes | V49: 3 | W49: =COUNTIF($A$2:A49,A49) -> 1
A50: EMP0049 | B50: 42909 | D50: No | E50: 34 | F50: Non-Binary | G50: Single | H50: Master's | I50: Data & Analytics | J50: Senior Data Analyst | K50: 3 | L50: Hyderabad | M50: 78000 | N50: 9.7 | O50: 14.8 | P50: 8.5 | Q50: 3.8 | R50: 3 | S50: 3 | T50: 4 | U50: No | V50: 3 | W50: =COUNTIF($A$2:A50,A50) -> 1
A51: EMP0050 | B51: 45738 | D51: No | E51: 27 | F51: Female | G51: Divorced | H51: PhD | I51: IT Support | J51: System Administrator | K51: 1 | L51: Mumbai | M51: 34000 | N51: 9.2 | O51: 5.3 | P51: 0.8 | Q51: 0 | R51: 3 | S51: 2 | T51: 3 | U51: Yes | V51: 4 | W51: =COUNTIF($A$2:A51,A51) -> 1
A52: EMP0051 | B52: 42774 | D52: No | E52: 36 | F52: Female | G52: Divorced | H52: Bachelor's | I52: Technology | J52: Software Developer | K52: 4 | L52: Pune | M52: 129000 | N52: 13.3 | O52: 14.3 | P52: 8.9 | Q52: 5.2 | R52: 1 | S52: 3 | T52: 1 | U52: No | V52: 4 | W52: =COUNTIF($A$2:A52,A52) -> 1
A53: EMP0052 | B53: 45010 | D53: No | E53: 23 | F53: Male | G53: Married | H53: PhD | I53: Finance | J53: Finance Manager | K53: 1 | L53: Noida | M53: 27000 | N53: 11.1 | O53: 6.7 | P53: 2.8 | Q53: 0.3 | R53: 3 | S53: 3 | T53: 3 | U53: Yes | V53: 4 | W53: =COUNTIF($A$2:A53,A53) -> 1
A54: EMP0053 | B54: 44202 | C54: 45787 | D54: Yes | E54: 37 | F54: Non-Binary | G54: Divorced | H54: PhD | I54: Finance | J54: Finance Executive | K54: 3 | L54: Mumbai | M54: 115000 | N54: 11.3 | O54: 6.9 | P54: 4.3 | Q54: 4.2 | R54: 1 | S54: 3 | T54: 3 | U54: No | V54: 5 | W54: =COUNTIF($A$2:A54,A54) -> 1
A55: EMP0054 | B55: 43252 | C55: 45794 | D55: Yes | E55: 40 | F55: Non-Binary | G55: Divorced | H55: Master's | I55: Technology | J55: Senior Software Developer | K55: 3 | L55: Noida | M55: 92000 | N55: 7.7 | O55: 11.4 | P55: 7 | Q55: 5.6 | R55: 3 | S55: 3 | T55: 3 | U55: No | V55: 2 | W55: =COUNTIF($A$2:A55,A55) -> 1
A56: EMP0055 | B56: 44360 | D56: No | E56: 28 | F56: Non-Binary | G56: Divorced | H56: Diploma | I56: Data & Analytics | J56: Senior Data Analyst | K56: 3 | L56: Mumbai | M56: 87000 | N56: 7.1 | O56: 8.2 | P56: 4.6 | Q56: 0.5 | R56: 4 | S56: 4 | T56: 3 | U56: Yes | V56: 4 | W56: =COUNTIF($A$2:A56,A56) -> 1
A57: EMP0056 | B57: 44871 | D57: No | E57: 49 | F57: Female | G57: Married | H57: Diploma | I57: IT Support | J57: IT Support Lead | K57: 5 | L57: Bengaluru | M57: 134000 | N57: 11.7 | O57: 7.2 | P57: 3.2 | Q57: 2.8 | R57: 3 | S57: 4 | T57: 3 | U57: No | V57: 4 | W57: =COUNTIF($A$2:A57,A57) -> 1
A58: EMP0057 | B58: 43858 | D58: No | E58: 30 | F58: Male | G58: Divorced | H58: Master's | I58: Sales | J58: Sales Manager | K58: 4 | L58: Chennai | M58: 120000 | N58: 9.3 | O58: 9.8 | P58: 5.9 | Q58: 2 | R58: 4 | S58: 4 | T58: 3 | U58: No | V58: 5 | W58: =COUNTIF($A$2:A58,A58) -> 1
A59: EMP0058 | B59: 44758 | D59: No | E59: 28 | F59: Male | G59: Single | H59: Diploma | I59: Finance | J59: Accountant | K59: 4 | L59: Bengaluru | M59: 121000 | N59: 6.1 | O59: 6.5 | P59: 3.5 | Q59: 3.5 | R59: 3 | S59: 4 | T59: 3 | U59: No | V59: 2 | W59: =COUNTIF($A$2:A59,A59) -> 1
A60: EMP0059 | B60: 42022 | D60: No | E60: 33 | F60: Female | G60: Divorced | H60: Bachelor's | I60: IT Support | J60: IT Support Lead | K60: 1 | L60: Hyderabad | M60: 27000 | N60: 17.6 | O60: 18.7 | P60: 11 | Q60: 0.4 | R60: 2 | S60: 4 | T60: 3 | U60: Yes | V60: 4 | W60: =COUNTIF($A$2:A60,A60) -> 1
A61: EMP0060 | B61: 45669 | D61: No | E61: 21 | F61: Male | G61: Divorced | H61: Bachelor's | I61: IT Support | J61: IT Support Lead | K61: 1 | L61: Mumbai | M61: 35000 | N61: 6.4 | O61: 5.3 | P61: 1 | Q61: 0.6 | R61: 4 | S61: 2 | T61: 3 | U61: No | V61: 3 | W61: =COUNTIF($A$2:A61,A61) -> 1
A62: EMP0061 | B62: 44827 | C62: 45686 | D62: Yes | E62: 27 | F62: Male | G62: Single | H62: Master's | I62: Technology | J62: Software Developer | K62: 1 | L62: Bengaluru | M62: 37000 | N62: 11 | O62: 4.7 | P62: 2.4 | Q62: 0.9 | R62: 4 | S62: 2 | T62: 3 | U62: No | V62: 4 | W62: =COUNTIF($A$2:A62,A62) -> 1
A63: EMP0062 | B63: 44849 | C63: 45894 | D63: Yes | E63: 25 | F63: Female | G63: Divorced | H63: Master's | I63: Human Resources | J63: HR Manager | K63: 1 | L63: Bengaluru | M63: 29000 | N63: 7.1 | O63: 8 | P63: 2.9 | Q63: 1.3 | R63: 4 | S63: 3 | T63: 4 | U63: Yes | V63: 3 | W63: =COUNTIF($A$2:A63,A63) -> 1
A64: EMP0063 | B64: 44635 | D64: No | E64: 45 | F64: Female | G64: Divorced | H64: Diploma | I64: Finance | J64: Finance Executive | K64: 5 | L64: Noida | M64: 164000 | N64: 4 | O64: 6.2 | P64: 3.8 | Q64: 3.8 | R64: 3 | S64: 4 | T64: 2 | U64: No | V64: 3 | W64: =COUNTIF($A$2:A64,A64) -> 1
A65: EMP0064 | B65: 43100 | D65: No | E65: 48 | F65: Female | G65: Single | H65: Diploma | I65: Sales | J65: Sales Executive | K65: 5 | L65: Pune | M65: 163000 | N65: 2.9 | O65: 14 | P65: 8 | Q65: 0.3 | R65: 3 | S65: 3 | T65: 3 | U65: Yes | V65: 5 | W65: =COUNTIF($A$2:A65,A65) -> 1
A66: EMP0065 | B66: 43017 | D66: No | E66: 42 | F66: Non-Binary | G66: Married | H66: Master's | I66: Operations | J66: Operations Analyst | K66: 3 | L66: Bengaluru | M66: 66000 | N66: 10.8 | O66: 13.3 | P66: 8.2 | Q66: 5.4 | R66: 3 | S66: 3 | T66: 3 | U66: No | V66: 3 | W66: =COUNTIF($A$2:A66,A66) -> 1
A67: EMP0066 | B67: 44084 | D67: No | E67: 27 | F67: Female | G67: Married | H67: Diploma | I67: Sales | J67: Sales Manager | K67: 1 | L67: Bengaluru | M67: 33000 | N67: 0 | O67: 13.1 | P67: 5.3 | Q67: 2.8 | R67: 2 | S67: 4 | T67: 4 | U67: Yes | V67: 3 | W67: =COUNTIF($A$2:A67,A67) -> 1
A68: EMP0067 | B68: 42136 | D68: No | E68: 31 | F68: Non-Binary | G68: Single | H68: PhD | I68: Finance | J68: Financial Analyst | K68: 2 | L68: Hyderabad | M68: 44000 | N68: 15.5 | O68: 18.4 | P68: 10.6 | Q68: 4.8 | R68: 3 | S68: 3 | T68: 4 | U68: No | V68: 1 | W68: =COUNTIF($A$2:A68,A68) -> 1
A69: EMP0068 | B69: 42999 | D69: No | E69: 30 | F69: Male | G69: Divorced | H69: PhD | I69: Operations | J69: Operations Manager | K69: 3 | L69: Noida | M69: 73000 | N69: 14.8 | O69: 8.5 | P69: 8.3 | Q69: 5.3 | R69: 2 | S69: 3 | T69: 4 | U69: No | V69: 3 | W69: =COUNTIF($A$2:A69,A69) -> 1
A70: EMP0069 | B70: 45719 | C70: 45839 | D70: Yes | E70: 41 | F70: Non-Binary | G70: Married | H70: Master's | I70: Sales | J70: Business Development Executive | K70: 2 | L70: Mumbai | M70: 53000 | N70: 5.1 | O70: 7.4 | P70: 0.3 | Q70: 0 | R70: 4 | S70: 3 | T70: 3 | U70: Yes | V70: 4 | W70: =COUNTIF($A$2:A70,A70) -> 1
A71: EMP0070 | B71: 43282 | D71: No | E71: 34 | F71: Female | G71: Divorced | H71: Diploma | I71: Operations | J71: Operations Executive | K71: 4 | L71: Bengaluru | M71: 98000 | N71: 9.3 | O71: 9.2 | P71: 7.5 | Q71: 2.7 | R71: 3 | S71: 2 | T71: 3 | U71: No | V71: 5 | W71: =COUNTIF($A$2:A71,A71) -> 1
A72: EMP0071 | B72: 45391 | D72: No | E72: 34 | F72: Male | G72: Divorced | H72: Master's | I72: Finance | J72: Finance Executive | K72: 2 | L72: Bengaluru | M72: 61000 | N72: 15.3 | O72: 6.9 | P72: 1.7 | Q72: 1 | R72: 3 | S72: 1 | T72: 4 | U72: No | V72: 3 | W72: =COUNTIF($A$2:A72,A72) -> 1
A73: EMP0072 | B73: 42438 | D73: No | E73: 48 | F73: Male | G73: Single | H73: Bachelor's | I73: IT Support | J73: System Administrator | K73: 3 | L73: Pune | M73: 58000 | N73: 8.4 | O73: 14.6 | P73: 9.8 | Q73: 1.7 | R73: 4 | S73: 4 | T73: 4 | U73: Yes | V73: 4 | W73: =COUNTIF($A$2:A73,A73) -> 1
A74: EMP0073 | B74: 44896 | C74: 45873 | D74: Yes | E74: 35 | F74: Male | G74: Married | H74: Master's | I74: Technology | J74: QA Engineer | K74: 3 | L74: Chennai | M74: 81000 | N74: 8.2 | O74: 6.9 | P74: 2.7 | Q74: 2 | R74: 2 | S74: 3 | T74: 4 | U74: No | V74: 3 | W74: =COUNTIF($A$2:A74,A74) -> 1
A75: EMP0074 | B75: 42850 | D75: No | E75: 29 | F75: Non-Binary | G75: Single | H75: Bachelor's | I75: Technology | J75: QA Engineer | K75: 3 | L75: Pune | M75: 94000 | N75: 10.4 | O75: 14.2 | P75: 8.7 | Q75: 2.9 | R75: 3 | S75: 4 | T75: 2 | U75: Yes | V75: 2 | W75: =COUNTIF($A$2:A75,A75) -> 1
A76: EMP0075 | B76: 43360 | D76: No | E76: 39 | F76: Male | G76: Married | H76: PhD | I76: Sales | J76: Sales Manager | K76: 2 | L76: Pune | M76: 56000 | N76: 12.3 | O76: 13.6 | P76: 7.3 | Q76: 0.7 | R76: 3 | S76: 3 | T76: 4 | U76: No | V76: 4 | W76: =COUNTIF($A$2:A76,A76) -> 1
A77: EMP0076 | B77: 43888 | D77: No | E77: 27 | F77: Male | G77: Single | H77: Bachelor's | I77: Finance | J77: Finance Executive | K77: 1 | L77: Mumbai | M77: 30000 | N77: 12 | O77: 8.3 | P77: 5.8 | Q77: 1.5 | R77: 3 | S77: 4 | T77: 3 | U77: No | V77: 3 | W77: =COUNTIF($A$2:A77,A77) -> 1
A78: EMP0077 | B78: 43535 | D78: No | E78: 33 | F78: Non-Binary | G78: Single | H78: Diploma | I78: Technology | J78: QA Engineer | K78: 4 | L78: Chennai | M78: 125000 | N78: 14.1 | O78: 7.8 | P78: 6.8 | Q78: 2.1 | R78: 3 | S78: 3 | T78: 3 | U78: No | V78: 4 | W78: =COUNTIF($A$2:A78,A78) -> 1
A79: EMP0078 | B79: 43745 | D79: No | E79: 37 | F79: Female | G79: Divorced | H79: Bachelor's | I79: Sales | J79: Sales Manager | K79: 2 | L79: Chennai | M79: 51000 | N79: 8.1 | O79: 9 | P79: 6.2 | Q79: 3.3 | R79: 3 | S79: 2 | T79: 3 | U79: Yes | V79: 3 | W79: =COUNTIF($A$2:A79,A79) -> 1
A80: EMP0079 | B80: 44745 | D80: No | E80: 39 | F80: Male | G80: Single | H80: Master's | I80: Operations | J80: Operations Manager | K80: 1 | L80: Mumbai | M80: 39000 | N80: 14.2 | O80: 4.9 | P80: 3.5 | Q80: 0.5 | R80: 4 | S80: 3 | T80: 2 | U80: No | V80: 4 | W80: =COUNTIF($A$2:A80,A80) -> 1
A81: EMP0080 | B81: 44332 | D81: No | E81: 38 | F81: Female | G81: Married | H81: PhD | I81: Finance | J81: Finance Manager | K81: 2 | L81: Mumbai | M81: 52000 | N81: 10.3 | O81: 5.3 | P81: 4.6 | Q81: 0.2 | R81: 4 | S81: 2 | T81: 3 | U81: No | V81: 4 | W81: =COUNTIF($A$2:A81,A81) -> 1
A82: EMP0081 | B82: 44992 | D82: No | E82: 34 | F82: Non-Binary | G82: Single | H82: Bachelor's | I82: Human Resources | J82: HR Manager | K82: 2 | L82: Pune | M82: 56000 | N82: 5.7 | O82: 8.2 | P82: 2.8 | Q82: 1.7 | R82: 3 | S82: 3 | T82: 3 | U82: No | V82: 3 | W82: =COUNTIF($A$2:A82,A82) -> 1
A83: EMP0082 | B83: 44315 | C83: 45912 | D83: Yes | E83: 26 | F83: Non-Binary | G83: Married | H83: Bachelor's | I83: Sales | J83: Account Manager | K83: 1 | L83: Mumbai | M83: 23000 | N83: 13.6 | O83: 10.3 | P83: 4.4 | Q83: 0.8 | R83: 3 | S83: 3 | T83: 3 | U83: No | V83: 3 | W83: =COUNTIF($A$2:A83,A83) -> 1
A84: EMP0083 | B84: 43948 | D84: No | E84: 37 | F84: Male | G84: Divorced | H84: PhD | I84: IT Support | J84: IT Support Specialist | K84: 2 | L84: Noida | M84: 57000 | N84: 9 | O84: 8.9 | P84: 5.7 | Q84: 3.6 | R84: 3 | S84: 3 | T84: 3 | U84: Yes | V84: 5 | W84: =COUNTIF($A$2:A84,A84) -> 1
A85: EMP0084 | B85: 45461 | C85: 45816 | D85: Yes | E85: 34 | F85: Non-Binary | G85: Divorced | H85: Master's | I85: Sales | J85: Sales Executive | K85: 2 | L85: Hyderabad | M85: 47000 | N85: 12.9 | O85: 6.9 | P85: 1 | Q85: 0.2 | R85: 3 | S85: 4 | T85: 2 | U85: No | V85: 4 | W85: =COUNTIF($A$2:A85,A85) -> 1
A86: EMP0085 | B86: 45335 | D86: No | E86: 27 | F86: Non-Binary | G86: Divorced | H86: PhD | I86: Sales | J86: Account Manager | K86: 1 | L86: Noida | M86: 31000 | N86: 10.7 | O86: 8 | P86: 1.9 | Q86: 1.2 | R86: 2 | S86: 2 | T86: 4 | U86: Yes | V86: 3 | W86: =COUNTIF($A$2:A86,A86) -> 1
A87: EMP0086 | B87: 43798 | C87: 45884 | D87: Yes | E87: 27 | F87: Female | G87: Married | H87: Bachelor's | I87: Human Resources | J87: HR Analyst | K87: 1 | L87: Bengaluru | M87: 34000 | N87: 10 | O87: 10.8 | P87: 5.7 | Q87: 4.5 | R87: 2 | S87: 3 | T87: 3 | U87: No | V87: 2 | W87: =COUNTIF($A$2:A87,A87) -> 1
A88: EMP0087 | B88: 42851 | D88: No | E88: 30 | F88: Non-Binary | G88: Divorced | H88: Master's | I88: Sales | J88: Sales Manager | K88: 1 | L88: Hyderabad | M88: 36000 | N88: 3.2 | O88: 12.4 | P88: 8.7 | Q88: 3.3 | R88: 3 | S88: 4 | T88: 4 | U88: No | V88: 3 | W88: =COUNTIF($A$2:A88,A88) -> 1
A89: EMP0088 | B89: 43219 | D89: No | E89: 28 | F89: Female | G89: Divorced | H89: Master's | I89: Human Resources | J89: HR Manager | K89: 3 | L89: Hyderabad | M89: 72000 | N89: 10.2 | O89: 15.5 | P89: 7.7 | Q89: 0.5 | R89: 4 | S89: 3 | T89: 1 | U89: No | V89: 4 | W89: =COUNTIF($A$2:A89,A89) -> 1
A90: EMP0089 | B90: 42603 | D90: No | E90: 39 | F90: Non-Binary | G90: Divorced | H90: Master's | I90: Sales | J90: Sales Manager | K90: 2 | L90: Hyderabad | M90: 51000 | N90: 8.9 | O90: 12 | P90: 9.4 | Q90: 2 | R90: 1 | S90: 3 | T90: 3 | U90: No | V90: 3 | W90: =COUNTIF($A$2:A90,A90) -> 1
A91: EMP0090 | B91: 44587 | D91: No | E91: 33 | F91: Male | G91: Divorced | H91: Bachelor's | I91: Technology | J91: Senior Software Developer | K91: 4 | L91: Noida | M91: 122000 | N91: 10.3 | O91: 9.6 | P91: 3.9 | Q91: 0.3 | R91: 3 | S91: 3 | T91: 3 | U91: No | V91: 3 | W91: =COUNTIF($A$2:A91,A91) -> 1
A92: EMP0091 | B92: 45835 | D92: No | E92: 37 | F92: Male | G92: Divorced | H92: Bachelor's | I92: Operations | J92: Process Associate | K92: 3 | L92: Noida | M92: 86000 | N92: 8.6 | O92: 6.6 | P92: 0.5 | Q92: 0 | R92: 4 | S92: 4 | T92: 2 | U92: No | V92: 3 | W92: =COUNTIF($A$2:A92,A92) -> 1
A93: EMP0092 | B93: 45254 | D93: No | E93: 38 | F93: Female | G93: Divorced | H93: Diploma | I93: Sales | J93: Account Manager | K93: 3 | L93: Noida | M93: 73000 | N93: 9.9 | O93: 9.3 | P93: 2.1 | Q93: 1.5 | R93: 3 | S93: 1 | T93: 3 | U93: Yes | V93: 4 | W93: =COUNTIF($A$2:A93,A93) -> 1
A94: EMP0093 | B94: 44891 | D94: No | E94: 34 | F94: Female | G94: Divorced | H94: PhD | I94: IT Support | J94: IT Support Lead | K94: 2 | L94: Pune | M94: 45000 | N94: 9.1 | O94: 4.6 | P94: 3.1 | Q94: 2.1 | S94: 3 | T94: 3 | U94: No | V94: 4 | W94: =COUNTIF($A$2:A94,A94) -> 1
A95: EMP0094 | B95: 45321 | D95: No | E95: 43 | F95: Male | G95: Married | H95: PhD | I95: IT Support | J95: System Administrator | K95: 4 | L95: Chennai | M95: 117000 | N95: 17.6 | O95: 6.4 | P95: 1.9 | Q95: 0.2 | R95: 3 | S95: 4 | T95: 4 | U95: Yes | V95: 3 | W95: =COUNTIF($A$2:A95,A95) -> 1
A96: EMP0095 | B96: 42022 | D96: No | E96: 39 | F96: Male | G96: Single | H96: Diploma | I96: Data & Analytics | J96: Data Engineer | K96: 1 | L96: Bengaluru | M96: 41000 | N96: 17.8 | O96: 14.3 | P96: 11 | Q96: 2.4 | R96: 4 | S96: 3 | T96: 3 | U96: No | V96: 2 | W96: =COUNTIF($A$2:A96,A96) -> 1
A97: EMP0096 | B97: 43976 | D97: No | E97: 27 | F97: Male | G97: Single | H97: Diploma | I97: IT Support | J97: IT Analyst | K97: 1 | L97: Pune | M97: 28000 | N97: 0.5 | O97: 11.2 | P97: 5.6 | Q97: 0.8 | R97: 3 | S97: 3 | T97: 3 | U97: Yes | V97: 1 | W97: =COUNTIF($A$2:A97,A97) -> 1
A98: EMP0097 | B98: 43868 | D98: No | E98: 28 | F98: Male | G98: Married | H98: Bachelor's | I98: IT Support | J98: System Administrator | K98: 3 | L98: Noida | M98: 77000 | N98: 10.4 | O98: 8.3 | P98: 5.9 | Q98: 0.3 | R98: 2 | S98: 3 | T98: 4 | U98: No | V98: 3 | W98: =COUNTIF($A$2:A98,A98) -> 1
A99: EMP0098 | B99: 44668 | D99: No | E99: 40 | F99: Non-Binary | G99: Divorced | H99: Bachelor's | I99: Human Resources | J99: Recruiter | K99: 3 | L99: Mumbai | M99: 68000 | N99: 5.4 | O99: 5.2 | P99: 3.7 | Q99: 2.5 | R99: 3 | S99: 3 | T99: 3 | U99: Yes | V99: 5 | W99: =COUNTIF($A$2:A99,A99) -> 1
A100: EMP0099 | B100: 45854 | D100: No | E100: 24 | F100: Non-Binary | G100: Divorced | H100: Diploma | I100: IT Support | J100: IT Support Lead | K100: 1 | L100: Pune | M100: 49000 | N100: 13.7 | O100: 3.3 | P100: 0.5 | Q100: 0 | R100: 3 | S100: 2 | T100: 3 | U100: No | V100: 2 | W100: =COUNTIF($A$2:A100,A100) -> 1
A101: EMP0100 | B101: 45773 | D101: No | E101: 21 | F101: Female | G101: Single | H101: Diploma | I101: Technology | J101: QA Engineer | K101: 1 | L101: Pune | M101: 50000 | N101: 8.5 | O101: 4.4 | P101: 0.7 | Q101: 0 | R101: 2 | S101: 3 | T101: 4 | U101: No | V101: 2 | W101: =COUNTIF($A$2:A101,A101) -> 1
A102: EMP0101 | B102: 45363 | D102: No | E102: 22 | F102: Male | G102: Divorced | H102: Diploma | I102: Technology | J102: Senior Software Developer | K102: 1 | L102: Hyderabad | M102: 32000 | N102: 9 | O102: 8.3 | P102: 1.8 | Q102: 0.9 | R102: 3 | S102: 1 | T102: 3 | U102: No | V102: 3 | W102: =COUNTIF($A$2:A102,A102) -> 1
A103: EMP0102 | B103: 44496 | D103: No | E103: 30 | F103: Male | G103: Divorced | H103: PhD | I103: Technology | J103: QA Engineer | K103: 2 | L103: Bengaluru | M103: 65000 | N103: 4.7 | O103: 5.7 | P103: 4.2 | Q103: 2.9 | R103: 4 | S103: 3 | T103: 4 | U103: No | V103: 3 | W103: =COUNTIF($A$2:A103,A103) -> 1
A104: EMP0103 | B104: 44540 | D104: No | E104: 34 | F104: Female | G104: Divorced | H104: PhD | I104: Finance | J104: Accountant | K104: 3 | L104: Hyderabad | M104: 85000 | N104: 11.8 | O104: 8.9 | P104: 4.1 | Q104: 1.7 | R104: 3 | S104: 3 | T104: 3 | U104: Yes | V104: 1 | W104: =COUNTIF($A$2:A104,A104) -> 1
A105: EMP0104 | B105: 45866 | D105: No | E105: 22 | F105: Male | G105: Single | H105: Bachelor's | I105: Operations | J105: Operations Executive | K105: 1 | L105: Pune | M105: 43000 | N105: 10.3 | O105: 5.9 | P105: 0.4 | Q105: 0 | R105: 3 | S105: 2 | T105: 3 | U105: No | V105: 4 | W105: =COUNTIF($A$2:A105,A105) -> 1
A106: EMP0105 | B106: 41855 | D106: No | E106: 44 | F106: Female | G106: Divorced | H106: Diploma | I106: IT Support | J106: IT Analyst | K106: 2 | L106: Pune | M106: 53000 | N106: 13.7 | O106: 14.4 | P106: 11.4 | Q106: 2.7 | R106: 2 | S106: 2 | T106: 2 | U106: Yes | V106: 3 | W106: =COUNTIF($A$2:A106,A106) -> 1
... A108: EMP0107 | B108: 42072 | D108: No | E108: 38 | F108: Female | G108: Single | H108: Master's | I108: IT Support | J108: IT Support Specialist | K108: 3 | L108: Hyderabad | M108: 88000 | N108: 5.1 | O108: 17.6 | P108: 10.8 | Q108: 1.9 | R108: 2 | S108: 3 | T108: 2 | U108: No | V108: 4 | W108: =COUNTIF($A$2:A108,A108) -> 1
...

Sheet Data_Dictionary
A1: Column | B1: Description
A2: Employee_ID | B2: Unique synthetic employee identifier
A3: Joining_Date | B3: Employee joining date
A4: Exit_Date | B4: Exit date; blank for employees still active
A5: Attrition | B5: Whether the employee left during the defined analysis period
A6: Age | B6: Employee age
A7: Gender | B7: Employee gender
A8: Marital_Status | B8: Marital status
A9: Education | B9: Highest education category
A10: Department | B10: Organizational department
A11: Job_Role | B11: Employee job role
A12: Job_Level | B12: Job seniority level from 1 to 5
... A23: Performance_Rating | B23: Performance rating from 1 to 5

Sheet Sheet3
A1: Employee_ID | B1: Joining_Date | C1: Exit_Date | D1: Attrition | E1: Age | F1: Gender | G1: Marital_Status | H1: Education | I1: Department | J1: Job_Role | K1: Job_Level | L1: Location | M1: Monthly_Salary | N1: Salary_Hike_Pct | O1: Total_Work_Experience | P1: Years_at_Company | Q1: Years_Since_Last_Promotion | R1: Job_Satisfaction | S1: Environment_Satisfaction | T1: Work_Life_Balance | U1: Overtime | V1: Performance_Rating | W1: Column1 | X1: Column2
A2: EMP0001 | B2: 44738 | D2: No | E2: 36 | F2: Non-Binary | G2: Divorced | H2: Bachelor's | I2: Operations | J2: Operations Executive | K2: 1 | L2: Chennai | M2: 30000 | N2: 11.6 | O2: 10.7 | P2: 3.5 | Q2: 0.3 | R2: 4 | S2: 3 | T2: 1 | U2: Yes | V2: 3 | W2: 1
A3: EMP0002 | B3: 43610 | D3: No | E3: 31 | F3: Male | G3: Married | H3: Bachelor's | I3: Data & Analytics | J3: Data Engineer | K3: 2 | L3: Hyderabad | M3: 59000 | N3: 15.3 | O3: 12.2 | P3: 6.6 | Q3: 2 | R3: 1 | S3: 2 | T3: 4 | U3: No | V3: 3 | W3: 1
A4: EMP0003 | B4: 43053 | D4: No | E4: 30 | F4: Non-Binary | G4: Single | H4: Bachelor's | I4: IT Support | J4: IT Analyst | K4: 3 | L4: Bengaluru | M4: 80000 | N4: 7.1 | O4: 11.2 | P4: 8.1 | Q4: 3.3 | R4: 3 | S4: 4 | T4: 3 | U4: No | V4: 4 | W4: 1
A5: EMP0004 | B5: 41703 | D5: No | E5: 35 | F5: Non-Binary | G5: Divorced | H5: Bachelor's | I5: Operations | J5: Operations Analyst | K5: 3 | L5: Chennai | M5: 55000 | N5: 2.1 | O5: 15.5 | P5: 11.8 | Q5: 5 | R5: 4 | S5: 2 | T5: 3 | U5: No | V5: 4 | W5: 1
A6: EMP0005 | B6: 44801 | D6: No | E6: 26 | F6: Male | G6: Single | H6: Bachelor's | I6: Operations | J6: Operations Analyst | K6: 1 | L6: Hyderabad | M6: 34000 | N6: 5.4 | O6: 10.7 | P6: 3.3 | Q6: 2.3 | R6: 3 | S6: 2 | T6: 3 | U6: Yes | V6: 4 | W6: 1
A7: EMP0006 | B7: 42011 | D7: No | E7: 43 | F7: Non-Binary | G7: Divorced | H7: Diploma | I7: Finance | J7: Finance Executive | K7: 1 | L7: Noida | M7: 33000 | N7: 9.3 | O7: 15 | P7: 11 | Q7: 5.3 | R7: 3 | S7: 3 | T7: 2 | U7: No | V7: 2 | W7: 1
A8: EMP0007 | B8: 44644 | D8: No | E8: 29 | F8: Female | G8: Divorced | H8: Bachelor's | I8: Human Resources | J8: HR Manager | K8: 4 | L8: Mumbai | M8: 107000 | N8: 4.4 | O8: 4.5 | P8: 3.8 | Q8: 0.2 | R8: 4 | S8: 2 | T8: 3 | U8: Yes | V8: 4 | W8: 1
A9: EMP0008 | B9: 42827 | D9: No | E9: 29 | F9: Female | G9: Single | H9: PhD | I9: Finance | J9: Finance Manager | K9: 3 | L9: Bengaluru | M9: 77000 | N9: 6.6 | O9: 14.2 | P9: 8.7 | Q9: 3.2 | R9: 1 | S9: 3 | T9: 3 | U9: No | V9: 2 | W9: 1
A10: EMP0009 | B10: 42657 | D10: No | E10: 33 | F10: Non-Binary | G10: Single | H10: Diploma | I10: Operations | J10: Operations Manager | K10: 5 | L10: Mumbai | M10: 134000 | N10: 12.3 | O10: 15.9 | P10: 9.2 | Q10: 3 | R10: 2 | S10: 2 | T10: 3 | U10: No | V10: 2 | W10: 1
A11: EMP0010 | B11: 42158 | C11: 45948 | D11: Yes | E11: 34 | F11: Male | G11: Single | H11: PhD | I11: Technology | J11: Software Developer | K11: 4 | L11: Chennai | M11: 107000 | N11: 3.7 | O11: 18 | P11: 10.4 | Q11: 0.5 | R11: 3 | S11: 3 | T11: 2 | U11: No | V11: 4 | W11: 1
A12: EMP0011 | B12: 43321 | D12: No | E12: 38 | F12: Non-Binary | G12: Married | H12: Bachelor's | I12: Data & Analytics | J12: Senior Data Analyst | K12: 3 | L12: Pune | M12: 91000 | N12: 8.5 | O12: 12.9 | P12: 7.4 | Q12: 4.3 | R12: 4 | S12: 3 | T12: 3 | U12: No | V12: 3 | W12: 1
A13: EMP0012 | B13: 45580 | C13: 45694 | D13: Yes | E13: 23 | F13: Non-Binary | G13: Single | H13: Diploma | I13: Data & Analytics | J13: Data Analyst | K13: 1 | L13: Noida | M13: 33000 | N13: 7.2 | O13: 6 | P13: 0.3 | Q13: 0 | R13: 2 | S13: 1 | T13: 1 | U13: No | V13: 3 | W13: 1
A14: EMP0013 | B14: 42822 | D14: No | E14: 35 | F14: Female | G14: Married | H14: Bachelor's | I14: Finance | J14: Accountant | K14: 3 | L14: Noida | M14: 64000 | N14: 10.3 | O14: 12.5 | P14: 8.8 | Q14: 2.4 | R14: 3 | S14: 2 | T14: 3 | U14: No | V14: 3 | W14: 1
A15: EMP0014 | B15: 43865 | D15: No | E15: 28 | F15: Male | G15: Married | H15: Bachelor's | I15: Operations | J15: Operations Executive | K15: 1 | L15: Bengaluru | M15: 37000 | N15: 13.1 | O15: 10.2 | P15: 5.9 | Q15: 0.8 | R15: 2 | S15: 2 | T15: 3 | U15: No | V15: 5 | W15: 1
A16: EMP0015 | B16: 43542 | D16: No | E16: 27 | F16: Female | G16: Married | H16: PhD | I16: Operations | J16: Operations Executive | K16: 1 | L16: Hyderabad | M16: 29000 | N16: 10.3 | O16: 10.7 | P16: 6.8 | Q16: 1.3 | R16: 4 | S16: 3 | T16: 1 | U16: No | V16: 3 | W16: 1
A17: EMP0016 | B17: 44862 | D17: No | E17: 30 | F17: Male | G17: Single | H17: Bachelor's | I17: Finance | J17: Finance Manager | K17: 2 | L17: Pune | M17: 53000 | N17: 4.6 | O17: 9.2 | P17: 3.2 | Q17: 0.2 | R17: 3 | S17: 3 | T17: 3 | U17: No | V17: 4 | W17: 1
A18: EMP0017 | B18: 44908 | D18: No | E18: 39 | F18: Female | G18: Single | H18: Diploma | I18: Technology | J18: Software Developer | K18: 3 | L18: Pune | M18: 99000 | N18: 8.7 | O18: 7.8 | P18: 3 | Q18: 1.9 | R18: 4 | S18: 3 | T18: 3 | U18: Yes | V18: 4 | W18: 1
A19: EMP0018 | B19: 43154 | D19: No | E19: 36 | F19: Non-Binary | G19: Married | H19: Master's | I19: Sales | J19: Business Development Executive | K19: 2 | L19: Hyderabad | M19: 47000 | N19: 10.4 | O19: 7.9 | P19: 7.9 | Q19: 3.7 | R19: 4 | S19: 3 | T19: 2 | U19: No | V19: 4 | W19: 1
A20: EMP0019 | B20: 45239 | D20: No | E20: 33 | F20: Non-Binary | G20: Single | H20: Master's | I20: Technology | J20: Senior Software Developer | K20: 2 | L20: Hyderabad | M20: 73000 | N20: 0 | O20: 10 | P20: 2.1 | Q20: 1.4 | R20: 3 | S20: 1 | T20: 4 | U20: No | V20: 3 | W20: 1
A21: EMP0020 | B21: 45249 | D21: No | E21: 34 | F21: Male | G21: Single | H21: PhD | I21: Technology | J21: Software Developer | K21: 3 | L21: Hyderabad | M21: 84000 | N21: 9.4 | O21: 7.6 | P21: 2.1 | Q21: 1.8 | R21: 2 | S21: 3 | T21: 2 | U21: No | V21: 5 | W21: 1
A22: EMP0021 | B22: 45402 | D22: No | E22: 31 | F22: Male | G22: Divorced | H22: Bachelor's | I22: Technology | J22: Software Developer | K22: 2 | L22: Hyderabad | M22: 63000 | N22: 14.9 | O22: 7.3 | P22: 1.7 | Q22: 1 | R22: 2 | S22: 2 | T22: 4 | U22: No | V22: 4 | W22: 1
A23: EMP0022 | B23: 44861 | D23: No | E23: 27 | F23: Female | G23: Divorced | H23: PhD | I23: Human Resources | J23: Recruiter | K23: 1 | L23: Chennai | M23: 28000 | N23: 12.7 | O23: 11 | P23: 3.2 | Q23: 0.1 | R23: 3 | S23: 3 | T23: 3 | U23: Yes | V23: 4 | W23: 1
A24: EMP0023 | B24: 45161 | D24: No | E24: 29 | F24: Non-Binary | G24: Divorced | H24: Master's | I24: Operations | J24: Operations Analyst | K24: 4 | L24: Hyderabad | M24: 108000 | N24: 9.4 | O24: 5.7 | P24: 2.4 | Q24: 0.4 | R24: 4 | S24: 4 | T24: 4 | U24: Yes | V24: 3 | W24: 1
A25: EMP0024 | B25: 45804 | D25: No | E25: 28 | F25: Female | G25: Married | H25: Diploma | I25: Data & Analytics | J25: Data Analyst | K25: 2 | L25: Bengaluru | M25: 59000 | N25: 7.4 | O25: 3.4 | P25: 0.6 | Q25: 0 | R25: 2 | S25: 4 | T25: 2 | U25: No | V25: 4 | W25: 1
... A33: EMP0032 | B33: 43572 | D33: No | E33: 37 | F33: Non-Binary | G33: Single | H33: Diploma | I33: Human Resources | J33: HR Manager | K33: 4 | L33: Mumbai | M33: 126000 | N33: 5 | O33: 8.8 | P33: 6.7 | Q33: 1.5 | R33: 4 | S33: 3 | T33: 4 | U33: No | V33: 4 | W33: 1
A34: EMP0033 | B34: 44478 | C34: 45854 | D34: Yes | E34: 34 | F34: Female | G34: Single | H34: Master's | I34: Technology | J34: QA Engineer | K34: 2 | L34: Mumbai | M34: 55000 | N34: 2.8 | O34: 9.3 | P34: 3.8 | Q34: 2.7 | R34: 2 | S34: 1 | T34: 3 | U34: No | V34: 4 | W34: 1
A35: EMP0034 | B35: 44129 | C35: 45838 | D35: Yes | E35: 26 | F35: Non-Binary | G35: Divorced | H35: Master's | I35: Finance | J35: Financial Analyst | K35: 1 | L35: Mumbai | M35: 39000 | N35: 5.3 | O35: 7.1 | P35: 4.7 | Q35: 1.8 | R35: 3 | S35: 4 | T35: 4 | U35: No | V35: 4 | W35: 1
A36: EMP0035 | B36: 45831 | D36: No | E36: 28 | F36: Female | G36: Divorced | H36: Bachelor's | I36: Data & Analytics | J36: Senior Data Analyst | K36: 2 | L36: Bengaluru | M36: 59000 | N36: 12.3 | O36: 1.8 | P36: 0.5 | Q36: 0 | R36: 3 | S36: 2 | T36: 3 | U36: No | V36: 1 | W36: 1
A37: EMP0036 | B37: 43940 | D37: No | E37: 35 | F37: Female | G37: Single | H37: PhD | I37: Operations | J37: Process Associate | K37: 2 | L37: Bengaluru | M37: 61000 | N37: 2.6 | O37: 8.3 | P37: 5.7 | Q37: 4.3 | R37: 3 | S37: 3 | T37: 3 | U37: Yes | V37: 4 | W37: 1
A38: EMP0037 | B38: 44417 | D38: No | E38: 35 | F38: Male | G38: Married | H38: Bachelor's | I38: Operations | J38: Operations Executive | K38: 5 | L38: Chennai | M38: 151000 | N38: 4.1 | O38: 10.4 | P38: 4.4 | Q38: 4.2 | R38: 4 | S38: 2 | T38: 1 | U38: No | V38: 2 | W38: 1
A39: EMP0038 | B39: 42636 | D39: No | E39: 37 | F39: Female | G39: Divorced | H39: PhD | I39: Data & Analytics | J39: Data Engineer | K39: 3 | L39: Mumbai | M39: 92000 | N39: 10 | O39: 10.2 | P39: 9.3 | Q39: 4.9 | R39: 3 | S39: 4 | T39: 2 | U39: Yes | V39: 1 | W39: 1
A40: EMP0039 | B40: 43971 | D40: No | E40: 28 | F40: Female | G40: Divorced | H40: PhD | I40: Operations | J40: Operations Analyst | K40: 1 | L40: Noida | M40: 34000 | N40: 10.2 | O40: 12.4 | P40: 5.6 | Q40: 3.4 | R40: 2 | S40: 2 | T40: 4 | U40: No | V40: 4 | W40: 1
A41: EMP0040 | B41: 44455 | C41: 45843 | D41: Yes | E41: 46 | F41: Non-Binary | G41: Married | H41: PhD | I41: Sales | J41: Sales Executive | K41: 3 | L41: Mumbai | M41: 81000 | N41: 4.2 | O41: 8.9 | P41: 3.8 | Q41: 3.1 | R41: 4 | S41: 3 | T41: 3 | U41: No | V41: 4 | W41: 1
A42: EMP0041 | B42: 45242 | D42: No | E42: 26 | F42: Female | G42: Married | H42: Master's | I42: Finance | J42: Finance Executive | K42: 1 | L42: Mumbai | M42: 42000 | N42: 13.6 | O42: 5.7 | P42: 2.1 | Q42: 1.6 | R42: 4 | S42: 3 | T42: 3 | U42: Yes | V42: 3 | W42: 1
A43: EMP0042 | B43: 44459 | D43: No | E43: 40 | F43: Male | G43: Divorced | H43: PhD | I43: Data & Analytics | J43: Senior Data Analyst | K43: 3 | L43: Noida | M43: 93000 | N43: 12.3 | O43: 4.4 | P43: 4.3 | Q43: 4.1 | R43: 3 | S43: 2 | T43: 3 | U43: No | V43: 3 | W43: 1
A44: EMP0043 | B44: 45846 | D44: No | E44: 31 | F44: Non-Binary | G44: Married | H44: Diploma | I44: Operations | J44: Process Associate | K44: 2 | L44: Noida | M44: 43000 | N44: 5.4 | O44: 5.8 | P44: 0.5 | Q44: 0 | R44: 3 | S44: 3 | T44: 3 | U44: No | V44: 5 | W44: 1
A45: EMP0044 | B45: 44928 | D45: No | E45: 32 | F45: Non-Binary | G45: Divorced | H45: Diploma | I45: Finance | J45: Finance Executive | K45: 2 | L45: Bengaluru | M45: 58000 | N45: 10.1 | O45: 10.6 | P45: 3 | Q45: 2.1 | R45: 3 | S45: 2 | T45: 3 | U45: No | V45: 3 | W45: 1
A46: EMP0045 | B46: 44371 | D46: No | E46: 33 | F46: Female | G46: Single | H46: Bachelor's | I46: IT Support | J46: System Administrator | K46: 2 | L46: Chennai | M46: 65000 | N46: 7.9 | O46: 4.9 | P46: 4.5 | Q46: 0.2 | R46: 3 | S46: 3 | T46: 4 | U46: No | V46: 4 | W46: 1
A47: EMP0046 | B47: 44457 | D47: No | E47: 37 | F47: Male | G47: Single | H47: Diploma | I47: Sales | J47: Business Development Executive | K47: 3 | L47: Bengaluru | M47: 69000 | N47: 4.7 | O47: 5.2 | P47: 4.3 | Q47: 0.3 | R47: 3 | S47: 3 | T47: 3 | U47: No | V47: 4 | W47: 1
A48: EMP0047 | B48: 44286 | D48: No | E48: 31 | F48: Non-Binary | G48: Divorced | H48: Bachelor's | I48: Data & Analytics | J48: Data Analyst | K48: 3 | L48: Chennai | M48: 96000 | N48: 10.9 | O48: 7.8 | P48: 4.8 | Q48: 4.4 | R48: 3 | S48: 3 | T48: 3 | U48: No | V48: 3 | W48: 1
A49: EMP0048 | B49: 43594 | D49: No | E49: 27 | F49: Non-Binary | G49: Married | H49: Diploma | I49: Operations | J49: Operations Executive | K49: 1 | L49: Bengaluru | M49: 22000 | N49: 7.2 | O49: 7.9 | P49: 6.6 | Q49: 1 | R49: 2 | S49: 2 | T49: 1 | U49: Yes | V49: 3 | W49: 1
A50: EMP0049 | B50: 42909 | D50: No | E50: 34 | F50: Non-Binary | G50: Single | H50: Master's | I50: Data & Analytics | J50: Senior Data Analyst | K50: 3 | L50: Hyderabad | M50: 78000 | N50: 9.7 | O50: 14.8 | P50: 8.5 | Q50: 3.8 | R50: 3 | S50: 3 | T50: 4 | U50: No | V50: 3 | W50: 1
A51: EMP0050 | B51: 45738 | D51: No | E51: 27 | F51: Female | G51: Divorced | H51: PhD | I51: IT Support | J51: System Administrator | K51: 1 | L51: Mumbai | M51: 34000 | N51: 9.2 | O51: 5.3 | P51: 0.8 | Q51: 0 | R51: 3 | S51: 2 | T51: 3 | U51: Yes | V51: 4 | W51: 1
A52: EMP0051 | B52: 42774 | D52: No | E52: 36 | F52: Female | G52: Divorced | H52: Bachelor's | I52: Technology | J52: Software Developer | K52: 4 | L52: Pune | M52: 129000 | N52: 13.3 | O52: 14.3 | P52: 8.9 | Q52: 5.2 | R52: 1 | S52: 3 | T52: 1 | U52: No | V52: 4 | W52: 1
A53: EMP0052 | B53: 45010 | D53: No | E53: 23 | F53: Male | G53: Married | H53: PhD | I53: Finance | J53: Finance Manager | K53: 1 | L53: Noida | M53: 27000 | N53: 11.1 | O53: 6.7 | P53: 2.8 | Q53: 0.3 | R53: 3 | S53: 3 | T53: 3 | U53: Yes | V53: 4 | W53: 1
A54: EMP0053 | B54: 44202 | C54: 45787 | D54: Yes | E54: 37 | F54: Non-Binary | G54: Divorced | H54: PhD | I54: Finance | J54: Finance Executive | K54: 3 | L54: Mumbai | M54: 115000 | N54: 11.3 | O54: 6.9 | P54: 4.3 | Q54: 4.2 | R54: 1 | S54: 3 | T54: 3 | U54: No | V54: 5 | W54: 1
A55: EMP0054 | B55: 43252 | C55: 45794 | D55: Yes | E55: 40 | F55: Non-Binary | G55: Divorced | H55: Master's | I55: Technology | J55: Senior Software Developer | K55: 3 | L55: Noida | M55: 92000 | N55: 7.7 | O55: 11.4 | P55: 7 | Q55: 5.6 | R55: 3 | S55: 3 | T55: 3 | U55: No | V55: 2 | W55: 1
A56: EMP0055 | B56: 44360 | D56: No | E56: 28 | F56: Non-Binary | G56: Divorced | H56: Diploma | I56: Data & Analytics | J56: Senior Data Analyst | K56: 3 | L56: Mumbai | M56: 87000 | N56: 7.1 | O56: 8.2 | P56: 4.6 | Q56: 0.5 | R56: 4 | S56: 4 | T56: 3 | U56: Yes | V56: 4 | W56: 1
A57: EMP0056 | B57: 44871 | D57: No | E57: 49 | F57: Female | G57: Married | H57: Diploma | I57: IT Support | J57: IT Support Lead | K57: 5 | L57: Bengaluru | M57: 134000 | N57: 11.7 | O57: 7.2 | P57: 3.2 | Q57: 2.8 | R57: 3 | S57: 4 | T57: 3 | U57: No | V57: 4 | W57: 1
A58: EMP0057 | B58: 43858 | D58: No | E58: 30 | F58: Male | G58: Divorced | H58: Master's | I58: Sales | J58: Sales Manager | K58: 4 | L58: Chennai | M58: 120000 | N58: 9.3 | O58: 9.8 | P58: 5.9 | Q58: 2 | R58: 4 | S58: 4 | T58: 3 | U58: No | V58: 5 | W58: 1
A59: EMP0058 | B59: 44758 | D59: No | E59: 28 | F59: Male | G59: Single | H59: Diploma | I59: Finance | J59: Accountant | K59: 4 | L59: Bengaluru | M59: 121000 | N59: 6.1 | O59: 6.5 | P59: 3.5 | Q59: 3.5 | R59: 3 | S59: 4 | T59: 3 | U59: No | V59: 2 | W59: 1
A60: EMP0059 | B60: 42022 | D60: No | E60: 33 | F60: Female | G60: Divorced | H60: Bachelor's | I60: IT Support | J60: IT Support Lead | K60: 1 | L60: Hyderabad | M60: 27000 | N60: 17.6 | O60: 18.7 | P60: 11 | Q60: 0.4 | R60: 2 | S60: 4 | T60: 3 | U60: Yes | V60: 4 | W60: 1
A61: EMP0060 | B61: 45669 | D61: No | E61: 21 | F61: Male | G61: Divorced | H61: Bachelor's | I61: IT Support | J61: IT Support Lead | K61: 1 | L61: Mumbai | M61: 35000 | N61: 6.4 | O61: 5.3 | P61: 1 | Q61: 0.6 | R61: 4 | S61: 2 | T61: 3 | U61: No | V61: 3 | W61: 1
A62: EMP0061 | B62: 44827 | C62: 45686 | D62: Yes | E62: 27 | F62: Male | G62: Single | H62: Master's | I62: Technology | J62: Software Developer | K62: 1 | L62: Bengaluru | M62: 37000 | N62: 11 | O62: 4.7 | P62: 2.4 | Q62: 0.9 | R62: 4 | S62: 2 | T62: 3 | U62: No | V62: 4 | W62: 1
A63: EMP0062 | B63: 44849 | C63: 45894 | D63: Yes | E63: 25 | F63: Female | G63: Divorced | H63: Master's | I63: Human Resources | J63: HR Manager | K63: 1 | L63: Bengaluru | M63: 29000 | N63: 7.1 | O63: 8 | P63: 2.9 | Q63: 1.3 | R63: 4 | S63: 3 | T63: 4 | U63: Yes | V63: 3 | W63: 1
A64: EMP0063 | B64: 44635 | D64: No | E64: 45 | F64: Female | G64: Divorced | H64: Diploma | I64: Finance | J64: Finance Executive | K64: 5 | L64: Noida | M64: 164000 | N64: 4 | O64: 6.2 | P64: 3.8 | Q64: 3.8 | R64: 3 | S64: 4 | T64: 2 | U64: No | V64: 3 | W64: 1
A65: EMP0064 | B65: 43100 | D65: No | E65: 48 | F65: Female | G65: Single | H65: Diploma | I65: Sales | J65: Sales Executive | K65: 5 | L65: Pune | M65: 163000 | N65: 2.9 | O65: 14 | P65: 8 | Q65: 0.3 | R65: 3 | S65: 3 | T65: 3 | U65: Yes | V65: 5 | W65: 1
A66: EMP0065 | B66: 43017 | D66: No | E66: 42 | F66: Non-Binary | G66: Married | H66: Master's | I66: Operations | J66: Operations Analyst | K66: 3 | L66: Bengaluru | M66: 66000 | N66: 10.8 | O66: 13.3 | P66: 8.2 | Q66: 5.4 | R66: 3 | S66: 3 | T66: 3 | U66: No | V66: 3 | W66: 1
A67: EMP0066 | B67: 44084 | D67: No | E67: 27 | F67: Female | G67: Married | H67: Diploma | I67: Sales | J67: Sales Manager | K67: 1 | L67: Bengaluru | M67: 33000 | N67: 0 | O67: 13.1 | P67: 5.3 | Q67: 2.8 | R67: 2 | S67: 4 | T67: 4 | U67: Yes | V67: 3 | W67: 1
A68: EMP0067 | B68: 42136 | D68: No | E68: 31 | F68: Non-Binary | G68: Single | H68: PhD | I68: Finance | J68: Financial Analyst | K68: 2 | L68: Hyderabad | M68: 44000 | N68: 15.5 | O68: 18.4 | P68: 10.6 | Q68: 4.8 | R68: 3 | S68: 3 | T68: 4 | U68: No | V68: 1 | W68: 1
A69: EMP0068 | B69: 42999 | D69: No | E69: 30 | F69: Male | G69: Divorced | H69: PhD | I69: Operations | J69: Operations Manager | K69: 3 | L69: Noida | M69: 73000 | N69: 14.8 | O69: 8.5 | P69: 8.3 | Q69: 5.3 | R69: 2 | S69: 3 | T69: 4 | U69: No | V69: 3 | W69: 1
A70: EMP0069 | B70: 45719 | C70: 45839 | D70: Yes | E70: 41 | F70: Non-Binary | G70: Married | H70: Master's | I70: Sales | J70: Business Development Executive | K70: 2 | L70: Mumbai | M70: 53000 | N70: 5.1 | O70: 7.4 | P70: 0.3 | Q70: 0 | R70: 4 | S70: 3 | T70: 3 | U70: Yes | V70: 4 | W70: 1
A71: EMP0070 | B71: 43282 | D71: No | E71: 34 | F71: Female | G71: Divorced | H71: Diploma | I71: Operations | J71: Operations Executive | K71: 4 | L71: Bengaluru | M71: 98000 | N71: 9.3 | O71: 9.2 | P71: 7.5 | Q71: 2.7 | R71: 3 | S71: 2 | T71: 3 | U71: No | V71: 5 | W71: 1
A72: EMP0071 | B72: 45391 | D72: No | E72: 34 | F72: Male | G72: Divorced | H72: Master's | I72: Finance | J72: Finance Executive | K72: 2 | L72: Bengaluru | M72: 61000 | N72: 15.3 | O72: 6.9 | P72: 1.7 | Q72: 1 | R72: 3 | S72: 1 | T72: 4 | U72: No | V72: 3 | W72: 1
A73: EMP0072 | B73: 42438 | D73: No | E73: 48 | F73: Male | G73: Single | H73: Bachelor's | I73: IT Support | J73: System Administrator | K73: 3 | L73: Pune | M73: 58000 | N73: 8.4 | O73: 14.6 | P73: 9.8 | Q73: 1.7 | R73: 4 | S73: 4 | T73: 4 | U73: Yes | V73: 4 | W73: 1
A74: EMP0073 | B74: 44896 | C74: 45873 | D74: Yes | E74: 35 | F74: Male | G74: Married | H74: Master's | I74: Technology | J74: QA Engineer | K74: 3 | L74: Chennai | M74: 81000 | N74: 8.2 | O74: 6.9 | P74: 2.7 | Q74: 2 | R74: 2 | S74: 3 | T74: 4 | U74: No | V74: 3 | W74: 1
A75: EMP0074 | B75: 42850 | D75: No | E75: 29 | F75: Non-Binary | G75: Single | H75: Bachelor's | I75: Technology | J75: QA Engineer | K75: 3 | L75: Pune | M75: 94000 | N75: 10.4 | O75: 14.2 | P75: 8.7 | Q75: 2.9 | R75: 3 | S75: 4 | T75: 2 | U75: Yes | V75: 2 | W75: 1
A76: EMP0075 | B76: 43360 | D76: No | E76: 39 | F76: Male | G76: Married | H76: PhD | I76: Sales | J76: Sales Manager | K76: 2 | L76: Pune | M76: 56000 | N76: 12.3 | O76: 13.6 | P76: 7.3 | Q76: 0.7 | R76: 3 | S76: 3 | T76: 4 | U76: No | V76: 4 | W76: 1
A77: EMP0076 | B77: 43888 | D77: No | E77: 27 | F77: Male | G77: Single | H77: Bachelor's | I77: Finance | J77: Finance Executive | K77: 1 | L77: Mumbai | M77: 30000 | N77: 12 | O77: 8.3 | P77: 5.8 | Q77: 1.5 | R77: 3 | S77: 4 | T77: 3 | U77: No | V77: 3 | W77: 1
A78: EMP0077 | B78: 43535 | D78: No | E78: 33 | F78: Non-Binary | G78: Single | H78: Diploma | I78: Technology | J78: QA Engineer | K78: 4 | L78: Chennai | M78: 125000 | N78: 14.1 | O78: 7.8 | P78: 6.8 | Q78: 2.1 | R78: 3 | S78: 3 | T78: 3 | U78: No | V78: 4 | W78: 1
A79: EMP0078 | B79: 43745 | D79: No | E79: 37 | F79: Female | G79: Divorced | H79: Bachelor's | I79: Sales | J79: Sales Manager | K79: 2 | L79: Chennai | M79: 51000 | N79: 8.1 | O79: 9 | P79: 6.2 | Q79: 3.3 | R79: 3 | S79: 2 | T79: 3 | U79: Yes | V79: 3 | W79: 1
A80: EMP0079 | B80: 44745 | D80: No | E80: 39 | F80: Male | G80: Single | H80: Master's | I80: Operations | J80: Operations Manager | K80: 1 | L80: Mumbai | M80: 39000 | N80: 14.2 | O80: 4.9 | P80: 3.5 | Q80: 0.5 | R80: 4 | S80: 3 | T80: 2 | U80: No | V80: 4 | W80: 1
A81: EMP0080 | B81: 44332 | D81: No | E81: 38 | F81: Female | G81: Married | H81: PhD | I81: Finance | J81: Finance Manager | K81: 2 | L81: Mumbai | M81: 52000 | N81: 10.3 | O81: 5.3 | P81: 4.6 | Q81: 0.2 | R81: 4 | S81: 2 | T81: 3 | U81: No | V81: 4 | W81: 1
A82: EMP0081 | B82: 44992 | D82: No | E82: 34 | F82: Non-Binary | G82: Single | H82: Bachelor's | I82: Human Resources | J82: HR Manager | K82: 2 | L82: Pune | M82: 56000 | N82: 5.7 | O82: 8.2 | P82: 2.8 | Q82: 1.7 | R82: 3 | S82: 3 | T82: 3 | U82: No | V82: 3 | W82: 1
A83: EMP0082 | B83: 44315 | C83: 45912 | D83: Yes | E83: 26 | F83: Non-Binary | G83: Married | H83: Bachelor's | I83: Sales | J83: Account Manager | K83: 1 | L83: Mumbai | M83: 23000 | N83: 13.6 | O83: 10.3 | P83: 4.4 | Q83: 0.8 | R83: 3 | S83: 3 | T83: 3 | U83: No | V83: 3 | W83: 1
A84: EMP0083 | B84: 43948 | D84: No | E84: 37 | F84: Male | G84: Divorced | H84: PhD | I84: IT Support | J84: IT Support Specialist | K84: 2 | L84: Noida | M84: 57000 | N84: 9 | O84: 8.9 | P84: 5.7 | Q84: 3.6 | R84: 3 | S84: 3 | T84: 3 | U84: Yes | V84: 5 | W84: 1
A85: EMP0084 | B85: 45461 | C85: 45816 | D85: Yes | E85: 34 | F85: Non-Binary | G85: Divorced | H85: Master's | I85: Sales | J85: Sales Executive | K85: 2 | L85: Hyderabad | M85: 47000 | N85: 12.9 | O85: 6.9 | P85: 1 | Q85: 0.2 | R85: 3 | S85: 4 | T85: 2 | U85: No | V85: 4 | W85: 1
A86: EMP0085 | B86: 45335 | D86: No | E86: 27 | F86: Non-Binary | G86: Divorced | H86: PhD | I86: Sales | J86: Account Manager | K86: 1 | L86: Noida | M86: 31000 | N86: 10.7 | O86: 8 | P86: 1.9 | Q86: 1.2 | R86: 2 | S86: 2 | T86: 4 | U86: Yes | V86: 3 | W86: 1
A87: EMP0086 | B87: 43798 | C87: 45884 | D87: Yes | E87: 27 | F87: Female | G87: Married | H87: Bachelor's | I87: Human Resources | J87: HR Analyst | K87: 1 | L87: Bengaluru | M87: 34000 | N87: 10 | O87: 10.8 | P87: 5.7 | Q87: 4.5 | R87: 2 | S87: 3 | T87: 3 | U87: No | V87: 2 | W87: 1
A88: EMP0087 | B88: 42851 | D88: No | E88: 30 | F88: Non-Binary | G88: Divorced | H88: Master's | I88: Sales | J88: Sales Manager | K88: 1 | L88: Hyderabad | M88: 36000 | N88: 3.2 | O88: 12.4 | P88: 8.7 | Q88: 3.3 | R88: 3 | S88: 4 | T88: 4 | U88: No | V88: 3 | W88: 1
A89: EMP0088 | B89: 43219 | D89: No | E89: 28 | F89: Female | G89: Divorced | H89: Master's | I89: Human Resources | J89: HR Manager | K89: 3 | L89: Hyderabad | M89: 72000 | N89: 10.2 | O89: 15.5 | P89: 7.7 | Q89: 0.5 | R89: 4 | S89: 3 | T89: 1 | U89: No | V89: 4 | W89: 1
A90: EMP0089 | B90: 42603 | D90: No | E90: 39 | F90: Non-Binary | G90: Divorced | H90: Master's | I90: Sales | J90: Sales Manager | K90: 2 | L90: Hyderabad | M90: 51000 | N90: 8.9 | O90: 12 | P90: 9.4 | Q90: 2 | R90: 1 | S90: 3 | T90: 3 | U90: No | V90: 3 | W90: 1
A91: EMP0090 | B91: 44587 | D91: No | E91: 33 | F91: Male | G91: Divorced | H91: Bachelor's | I91: Technology | J91: Senior Software Developer | K91: 4 | L91: Noida | M91: 122000 | N91: 10.3 | O91: 9.6 | P91: 3.9 | Q91: 0.3 | R91: 3 | S91: 3 | T91: 3 | U91: No | V91: 3 | W91: 1
A92: EMP0091 | B92: 45835 | D92: No | E92: 37 | F92: Male | G92: Divorced | H92: Bachelor's | I92: Operations | J92: Process Associate | K92: 3 | L92: Noida | M92: 86000 | N92: 8.6 | O92: 6.6 | P92: 0.5 | Q92: 0 | R92: 4 | S92: 4 | T92: 2 | U92: No | V92: 3 | W92: 1
A93: EMP0092 | B93: 45254 | D93: No | E93: 38 | F93: Female | G93: Divorced | H93: Diploma | I93: Sales | J93: Account Manager | K93: 3 | L93: Noida | M93: 73000 | N93: 9.9 | O93: 9.3 | P93: 2.1 | Q93: 1.5 | R93: 3 | S93: 1 | T93: 3 | U93: Yes | V93: 4 | W93: 1
A94: EMP0093 | B94: 44891 | D94: No | E94: 34 | F94: Female | G94: Divorced | H94: PhD | I94: IT Support | J94: IT Support Lead | K94: 2 | L94: Pune | M94: 45000 | N94: 9.1 | O94: 4.6 | P94: 3.1 | Q94: 2.1 | S94: 3 | T94: 3 | U94: No | V94: 4 | W94: 1
A95: EMP0094 | B95: 45321 | D95: No | E95: 43 | F95: Male | G95: Married | H95: PhD | I95: IT Support | J95: System Administrator | K95: 4 | L95: Chennai | M95: 117000 | N95: 17.6 | O95: 6.4 | P95: 1.9 | Q95: 0.2 | R95: 3 | S95: 4 | T95: 4 | U95: Yes | V95: 3 | W95: 1
A96: EMP0095 | B96: 42022 | D96: No | E96: 39 | F96: Male | G96: Single | H96: Diploma | I96: Data & Analytics | J96: Data Engineer | K96: 1 | L96: Bengaluru | M96: 41000 | N96: 17.8 | O96: 14.3 | P96: 11 | Q96: 2.4 | R96: 4 | S96: 3 | T96: 3 | U96: No | V96: 2 | W96: 1
A97: EMP0096 | B97: 43976 | D97: No | E97: 27 | F97: Male | G97: Single | H97: Diploma | I97: IT Support | J97: IT Analyst | K97: 1 | L97: Pune | M97: 28000 | N97: 0.5 | O97: 11.2 | P97: 5.6 | Q97: 0.8 | R97: 3 | S97: 3 | T97: 3 | U97: Yes | V97: 1 | W97: 1
A98: EMP0097 | B98: 43868 | D98: No | E98: 28 | F98: Male | G98: Married | H98: Bachelor's | I98: IT Support | J98: System Administrator | K98: 3 | L98: Noida | M98: 77000 | N98: 10.4 | O98: 8.3 | P98: 5.9 | Q98: 0.3 | R98: 2 | S98: 3 | T98: 4 | U98: No | V98: 3 | W98: 1
A99: EMP0098 | B99: 44668 | D99: No | E99: 40 | F99: Non-Binary | G99: Divorced | H99: Bachelor's | I99: Human Resources | J99: Recruiter | K99: 3 | L99: Mumbai | M99: 68000 | N99: 5.4 | O99: 5.2 | P99: 3.7 | Q99: 2.5 | R99: 3 | S99: 3 | T99: 3 | U99: Yes | V99: 5 | W99: 1
A100: EMP0099 | B100: 45854 | D100: No | E100: 24 | F100: Non-Binary | G100: Divorced | H100: Diploma | I100: IT Support | J100: IT Support Lead | K100: 1 | L100: Pune | M100: 49000 | N100: 13.7 | O100: 3.3 | P100: 0.5 | Q100: 0 | R100: 3 | S100: 2 | T100: 3 | U100: No | V100: 2 | W100: 1
A101: EMP0100 | B101: 45773 | D101: No | E101: 21 | F101: Female | G101: Single | H101: Diploma | I101: Technology | J101: QA Engineer | K101: 1 | L101: Pune | M101: 50000 | N101: 8.5 | O101: 4.4 | P101: 0.7 | Q101: 0 | R101: 2 | S101: 3 | T101: 4 | U101: No | V101: 2 | W101: 1
A102: EMP0101 | B102: 45363 | D102: No | E102: 22 | F102: Male | G102: Divorced | H102: Diploma | I102: Technology | J102: Senior Software Developer | K102: 1 | L102: Hyderabad | M102: 32000 | N102: 9 | O102: 8.3 | P102: 1.8 | Q102: 0.9 | R102: 3 | S102: 1 | T102: 3 | U102: No | V102: 3 | W102: 1
A103: EMP0102 | B103: 44496 | D103: No | E103: 30 | F103: Male | G103: Divorced | H103: PhD | I103: Technology | J103: QA Engineer | K103: 2 | L103: Bengaluru | M103: 65000 | N103: 4.7 | O103: 5.7 | P103: 4.2 | Q103: 2.9 | R103: 4 | S103: 3 | T103: 4 | U103: No | V103: 3 | W103: 1
A104: EMP0103 | B104: 44540 | D104: No | E104: 34 | F104: Female | G104: Divorced | H104: PhD | I104: Finance | J104: Accountant | K104: 3 | L104: Hyderabad | M104: 85000 | N104: 11.8 | O104: 8.9 | P104: 4.1 | Q104: 1.7 | R104: 3 | S104: 3 | T104: 3 | U104: Yes | V104: 1 | W104: 1
A105: EMP0104 | B105: 45866 | D105: No | E105: 22 | F105: Male | G105: Single | H105: Bachelor's | I105: Operations | J105: Operations Executive | K105: 1 | L105: Pune | M105: 43000 | N105: 10.3 | O105: 5.9 | P105: 0.4 | Q105: 0 | R105: 3 | S105: 2 | T105: 3 | U105: No | V105: 4 | W105: 1
A106: EMP0105 | B106: 41855 | D106: No | E106: 44 | F106: Female | G106: Divorced | H106: Diploma | I106: IT Support | J106: IT Analyst | K106: 2 | L106: Pune | M106: 53000 | N106: 13.7 | O106: 14.4 | P106: 11.4 | Q106: 2.7 | R106: 2 | S106: 2 | T106: 2 | U106: Yes | V106: 3 | W106: 1
... A108: EMP0107 | B108: 42072 | D108: No | E108: 38 | F108: Female | G108: Single | H108: Master's | I108: IT Support | J108: IT Support Specialist | K108: 3 | L108: Hyderabad | M108: 88000 | N108: 5.1 | O108: 17.6 | P108: 10.8 | Q108: 1.9 | R108: 2 | S108: 3 | T108: 2 | U108: No | V108: 4 | W108: 1
...

Sheet PT_Attrition
A3: Row Labels | B3: Average of Attrition_Flag
A4: Data & Analytics | B4: 0.13761468
A5: Finance | B5: 0.13235294
A6: Human Resources | B6: 0.16086957
A7: It Support | B7: 0.13888889
A8: Operations | B8: 0.17889908
A9: Sales | B9: 0.20618557
A10: Technology | B10: 0.15909091
A11: Grand Total | B11: 0.15866667
A14: Row Labels | B14: Average of Attrition_Flag
A15: 18-25 | B15: 0.23036649
A16: 26-35 | B16: 0.14756258
A17: 36-45 | B17: 0.14545455
A18: 46-55 | B18: 0.16666667
A19: 56+ | B19: 1
A20: Grand Total | B20: 0.15866667
